sd;hs6_d12;valor_pond;hs6_d12_desc;desc
CONS;95045000100L;75134625.98674299;Videoconsolas // -Videoconsolas y máquinas de videojuego, excepto las de la subpartida 9504.30 // VIDEOCONSOLAS Y MÁQUINAS DE VIDEOJUEGO, ARTÍCULOS PARA JUEGOS DE SOCIEDAD, INCLUIDOS LOS JUEGOS CON MOTOR O MECANISMO, BILLARES, MESAS ESPECIALES PARA JUEGO;Consumo
G;95045000100L;6154386.270541188;Videoconsolas // -Videoconsolas y máquinas de videojuego, excepto las de la subpartida 9504.30 // VIDEOCONSOLAS Y MÁQUINAS DE VIDEOJUEGO, ARTÍCULOS PARA JUEGOS DE SOCIEDAD, INCLUIDOS LOS JUEGOS CON MOTOR O MECANISMO, BILLARES, MESAS ESPECIALES PARA JUEGO;Comercio al por mayor y al por menor
D_29;95045000100L;3101.1973094375307;Videoconsolas // -Videoconsolas y máquinas de videojuego, excepto las de la subpartida 9504.30 // VIDEOCONSOLAS Y MÁQUINAS DE VIDEOJUEGO, ARTÍCULOS PARA JUEGOS DE SOCIEDAD, INCLUIDOS LOS JUEGOS CON MOTOR O MECANISMO, BILLARES, MESAS ESPECIALES PARA JUEGO;Maquinaria y equipo
K_74;95045000100L;2103.462889820141;Videoconsolas // -Videoconsolas y máquinas de videojuego, excepto las de la subpartida 9504.30 // VIDEOCONSOLAS Y MÁQUINAS DE VIDEOJUEGO, ARTÍCULOS PARA JUEGOS DE SOCIEDAD, INCLUIDOS LOS JUEGOS CON MOTOR O MECANISMO, BILLARES, MESAS ESPECIALES PARA JUEGO;Servicios jurÃ­dicos contables y otros servicios a empresas (sin minerÃ­a)
D_30;95045000100L;13.089367227849417;Videoconsolas // -Videoconsolas y máquinas de videojuego, excepto las de la subpartida 9504.30 // VIDEOCONSOLAS Y MÁQUINAS DE VIDEOJUEGO, ARTÍCULOS PARA JUEGOS DE SOCIEDAD, INCLUIDOS LOS JUEGOS CON MOTOR O MECANISMO, BILLARES, MESAS ESPECIALES PARA JUEGO;Maquinaria de oficina
G;90318099990G;13923998.428559793;"Los demás // Los demás // Los demás // Los demás // -Los demás instrumentos, aparatos y máquinas // INSTRUMENTOS, APARATOS Y MÁQUINAS PARA MEDIDA OCONTROL, NO EXPRESADOS NI COMPRENDIDOS EN OTRAPARTE DE ESTE CAPÍTULO; PROYECTORES DE PERFILES.";Comercio al por mayor y al por menor
E;90318099990G;10766563.536134101;"Los demás // Los demás // Los demás // Los demás // -Los demás instrumentos, aparatos y máquinas // INSTRUMENTOS, APARATOS Y MÁQUINAS PARA MEDIDA OCONTROL, NO EXPRESADOS NI COMPRENDIDOS EN OTRAPARTE DE ESTE CAPÍTULO; PROYECTORES DE PERFILES.";Suministro de electricidad, gas y agua
D_34;90318099990G;6795428.233770804;"Los demás // Los demás // Los demás // Los demás // -Los demás instrumentos, aparatos y máquinas // INSTRUMENTOS, APARATOS Y MÁQUINAS PARA MEDIDA OCONTROL, NO EXPRESADOS NI COMPRENDIDOS EN OTRAPARTE DE ESTE CAPÍTULO; PROYECTORES DE PERFILES.";Automotores
L;90318099990G;5428999.121709579;"Los demás // Los demás // Los demás // Los demás // -Los demás instrumentos, aparatos y máquinas // INSTRUMENTOS, APARATOS Y MÁQUINAS PARA MEDIDA OCONTROL, NO EXPRESADOS NI COMPRENDIDOS EN OTRAPARTE DE ESTE CAPÍTULO; PROYECTORES DE PERFILES.";AdministraciÃ³n pÃºblica y defensa
D_24;90318099990G;4886801.302143167;"Los demás // Los demás // Los demás // Los demás // -Los demás instrumentos, aparatos y máquinas // INSTRUMENTOS, APARATOS Y MÁQUINAS PARA MEDIDA OCONTROL, NO EXPRESADOS NI COMPRENDIDOS EN OTRAPARTE DE ESTE CAPÍTULO; PROYECTORES DE PERFILES.";Productos quÃ­micos
D_32;90138010000C;29031798.32366931;"Dispositivos de cristal líquido (LCD) // -Los demás dispositivos, aparatos e instrumentos // DISPOSITIVOS DE CRISTAL LÍQUIDO QUE NOCONSTITUYAN ARTÍCULOS COMPRENDIDOS MÁS ESPECÍFICAMENTE EN OTRA PARTE; LÁSERES, EXCEPTOLOS DIODOS LÁSER; LOS DEMÁS APARATOS";Radio y televisiÃ³n
G;90138010000C;21914727.19182488;"Dispositivos de cristal líquido (LCD) // -Los demás dispositivos, aparatos e instrumentos // DISPOSITIVOS DE CRISTAL LÍQUIDO QUE NOCONSTITUYAN ARTÍCULOS COMPRENDIDOS MÁS ESPECÍFICAMENTE EN OTRA PARTE; LÁSERES, EXCEPTOLOS DIODOS LÁSER; LOS DEMÁS APARATOS";Comercio al por mayor y al por menor
D_29;90138010000C;16881720.80185693;"Dispositivos de cristal líquido (LCD) // -Los demás dispositivos, aparatos e instrumentos // DISPOSITIVOS DE CRISTAL LÍQUIDO QUE NOCONSTITUYAN ARTÍCULOS COMPRENDIDOS MÁS ESPECÍFICAMENTE EN OTRA PARTE; LÁSERES, EXCEPTOLOS DIODOS LÁSER; LOS DEMÁS APARATOS";Maquinaria y equipo
CONS;90138010000C;13576314.502115902;"Dispositivos de cristal líquido (LCD) // -Los demás dispositivos, aparatos e instrumentos // DISPOSITIVOS DE CRISTAL LÍQUIDO QUE NOCONSTITUYAN ARTÍCULOS COMPRENDIDOS MÁS ESPECÍFICAMENTE EN OTRA PARTE; LÁSERES, EXCEPTOLOS DIODOS LÁSER; LOS DEMÁS APARATOS";Consumo
D_31;90138010000C;354266.02859369625;"Dispositivos de cristal líquido (LCD) // -Los demás dispositivos, aparatos e instrumentos // DISPOSITIVOS DE CRISTAL LÍQUIDO QUE NOCONSTITUYAN ARTÍCULOS COMPRENDIDOS MÁS ESPECÍFICAMENTE EN OTRA PARTE; LÁSERES, EXCEPTOLOS DIODOS LÁSER; LOS DEMÁS APARATOS";Aparatos elÃ©ctricos
I_62;88024090000D;1082429043.1896954;"Los demás // -Aviones y demás aeronaves, de peso en vacío superior a 15.000 kg // LAS DEMÁS AERONAVES (POR EJEMPLO: HELICÓPTEROS,AVIONES); VEHÍCULOS ESPACIALES (INCLUIDOSLOS SATELITES) Y SUS VEHÍCULOS DE LANZAMIENTOY VEHÍCULOS SUBORBITALES.";Transporte aÃ©reo de cargas y de pasajeros
I_63;88024090000D;25850836.62564808;"Los demás // -Aviones y demás aeronaves, de peso en vacío superior a 15.000 kg // LAS DEMÁS AERONAVES (POR EJEMPLO: HELICÓPTEROS,AVIONES); VEHÍCULOS ESPACIALES (INCLUIDOSLOS SATELITES) Y SUS VEHÍCULOS DE LANZAMIENTOY VEHÍCULOS SUBORBITALES.";ManipulaciÃ³n de carga, almacenamiento y depÃ³sito
K_74;88024090000D;5351885.759799171;"Los demás // -Aviones y demás aeronaves, de peso en vacío superior a 15.000 kg // LAS DEMÁS AERONAVES (POR EJEMPLO: HELICÓPTEROS,AVIONES); VEHÍCULOS ESPACIALES (INCLUIDOSLOS SATELITES) Y SUS VEHÍCULOS DE LANZAMIENTOY VEHÍCULOS SUBORBITALES.";Servicios jurÃ­dicos contables y otros servicios a empresas (sin minerÃ­a)
F;88024090000D;3790064.4757008264;"Los demás // -Aviones y demás aeronaves, de peso en vacío superior a 15.000 kg // LAS DEMÁS AERONAVES (POR EJEMPLO: HELICÓPTEROS,AVIONES); VEHÍCULOS ESPACIALES (INCLUIDOSLOS SATELITES) Y SUS VEHÍCULOS DE LANZAMIENTOY VEHÍCULOS SUBORBITALES.";ConstrucciÃ³n
G;88024090000D;84.95915661896326;"Los demás // -Aviones y demás aeronaves, de peso en vacío superior a 15.000 kg // LAS DEMÁS AERONAVES (POR EJEMPLO: HELICÓPTEROS,AVIONES); VEHÍCULOS ESPACIALES (INCLUIDOSLOS SATELITES) Y SUS VEHÍCULOS DE LANZAMIENTOY VEHÍCULOS SUBORBITALES.";Comercio al por mayor y al por menor
I_62;88023031000N;46793308.91526544;"De peso en vacío inferior o igual a 7.000 kg // A turborreacción // -Aviones y demás aeronaves, de peso en vacío superior a 2.000 kg  pero inferior o igual a 15.000 kg // LAS DEMÁS AERONAVES (POR EJEMPLO: HELICÓPTEROS,AVIONES); VEHÍCULOS ESPACIALES (INCL";Transporte aÃ©reo de cargas y de pasajeros
J;88023031000N;7390750.0;"De peso en vacío inferior o igual a 7.000 kg // A turborreacción // -Aviones y demás aeronaves, de peso en vacío superior a 2.000 kg  pero inferior o igual a 15.000 kg // LAS DEMÁS AERONAVES (POR EJEMPLO: HELICÓPTEROS,AVIONES); VEHÍCULOS ESPACIALES (INCL";IntermediaciÃ³n financiera
L;88023031000N;5443005.508894055;"De peso en vacío inferior o igual a 7.000 kg // A turborreacción // -Aviones y demás aeronaves, de peso en vacío superior a 2.000 kg  pero inferior o igual a 15.000 kg // LAS DEMÁS AERONAVES (POR EJEMPLO: HELICÓPTEROS,AVIONES); VEHÍCULOS ESPACIALES (INCL";AdministraciÃ³n pÃºblica y defensa
A;88023031000N;3806604.342510344;"De peso en vacío inferior o igual a 7.000 kg // A turborreacción // -Aviones y demás aeronaves, de peso en vacío superior a 2.000 kg  pero inferior o igual a 15.000 kg // LAS DEMÁS AERONAVES (POR EJEMPLO: HELICÓPTEROS,AVIONES); VEHÍCULOS ESPACIALES (INCL";Agricultura, ganaderÃ­a, caza y silvicultura
I_63;88023031000N;2844142.114686852;"De peso en vacío inferior o igual a 7.000 kg // A turborreacción // -Aviones y demás aeronaves, de peso en vacío superior a 2.000 kg  pero inferior o igual a 15.000 kg // LAS DEMÁS AERONAVES (POR EJEMPLO: HELICÓPTEROS,AVIONES); VEHÍCULOS ESPACIALES (INCL";ManipulaciÃ³n de carga, almacenamiento y depÃ³sito
A;88023029000P;30958400.16672212;"Los demás // A turbohélice // -Aviones y demás aeronaves, de peso en vacío superior a 2.000 kg  pero inferior o igual a 15.000 kg // LAS DEMÁS AERONAVES (POR EJEMPLO: HELICÓPTEROS,AVIONES); VEHÍCULOS ESPACIALES (INCLUIDOSLOS SATELITES) Y SUS VEHÍCULOS DE";Agricultura, ganaderÃ­a, caza y silvicultura
I_62;88023029000P;27135667.70262579;"Los demás // A turbohélice // -Aviones y demás aeronaves, de peso en vacío superior a 2.000 kg  pero inferior o igual a 15.000 kg // LAS DEMÁS AERONAVES (POR EJEMPLO: HELICÓPTEROS,AVIONES); VEHÍCULOS ESPACIALES (INCLUIDOSLOS SATELITES) Y SUS VEHÍCULOS DE";Transporte aÃ©reo de cargas y de pasajeros
K_74;88023029000P;3306870.0092821056;"Los demás // A turbohélice // -Aviones y demás aeronaves, de peso en vacío superior a 2.000 kg  pero inferior o igual a 15.000 kg // LAS DEMÁS AERONAVES (POR EJEMPLO: HELICÓPTEROS,AVIONES); VEHÍCULOS ESPACIALES (INCLUIDOSLOS SATELITES) Y SUS VEHÍCULOS DE";Servicios jurÃ­dicos contables y otros servicios a empresas (sin minerÃ­a)
G;88023029000P;1818900.068475639;"Los demás // A turbohélice // -Aviones y demás aeronaves, de peso en vacío superior a 2.000 kg  pero inferior o igual a 15.000 kg // LAS DEMÁS AERONAVES (POR EJEMPLO: HELICÓPTEROS,AVIONES); VEHÍCULOS ESPACIALES (INCLUIDOSLOS SATELITES) Y SUS VEHÍCULOS DE";Comercio al por mayor y al por menor
D_35;88023029000P;840501.8310952503;"Los demás // A turbohélice // -Aviones y demás aeronaves, de peso en vacío superior a 2.000 kg  pero inferior o igual a 15.000 kg // LAS DEMÁS AERONAVES (POR EJEMPLO: HELICÓPTEROS,AVIONES); VEHÍCULOS ESPACIALES (INCLUIDOSLOS SATELITES) Y SUS VEHÍCULOS DE";Otros equipo de transporte
A;87043190200T;49230642.15737956;De carga máxima menor o igual a 1,5 t. // Los demás // --De peso total con carga máxima inferior o igual  a 5 t // -Los demás, con motor de embolo (pistón) de encendido por chispa: // VEHÍCULOS AUTOMÓVILES PARA EL TRANSPORTE DE MERCANCÍAS.;Agricultura, ganaderÃ­a, caza y silvicultura
B;87043190200T;48675212.86956659;De carga máxima menor o igual a 1,5 t. // Los demás // --De peso total con carga máxima inferior o igual  a 5 t // -Los demás, con motor de embolo (pistón) de encendido por chispa: // VEHÍCULOS AUTOMÓVILES PARA EL TRANSPORTE DE MERCANCÍAS.;Pesca
K_99;87043190200T;26952009.09431409;De carga máxima menor o igual a 1,5 t. // Los demás // --De peso total con carga máxima inferior o igual  a 5 t // -Los demás, con motor de embolo (pistón) de encendido por chispa: // VEHÍCULOS AUTOMÓVILES PARA EL TRANSPORTE DE MERCANCÍAS.;Servicios de apoyo para la minerÃ­a excepto para la extracciÃ³n de petrÃ³leo y gas natual
D_20;87043190200T;19485221.89848217;De carga máxima menor o igual a 1,5 t. // Los demás // --De peso total con carga máxima inferior o igual  a 5 t // -Los demás, con motor de embolo (pistón) de encendido por chispa: // VEHÍCULOS AUTOMÓVILES PARA EL TRANSPORTE DE MERCANCÍAS.;Madera
D_16;87043190200T;16494325.584616473;De carga máxima menor o igual a 1,5 t. // Los demás // --De peso total con carga máxima inferior o igual  a 5 t // -Los demás, con motor de embolo (pistón) de encendido por chispa: // VEHÍCULOS AUTOMÓVILES PARA EL TRANSPORTE DE MERCANCÍAS.;Tabaco
I_60;87042310920U;127703107.75669114;De carga máxima superior a 5 t // Los demás // Chasis con motor y cabina // --De peso total con carga máxima superior a 20 t // -Los demás, con motor de embolo (pistón), de  encendido por compresión (Diesel o semi-Diesel): // VEHÍCULOS AUTOMÓVILES PARA E;Transporte ferroviario y automotor y por tuberias
K_74;87042310920U;1619.6133088661645;De carga máxima superior a 5 t // Los demás // Chasis con motor y cabina // --De peso total con carga máxima superior a 20 t // -Los demás, con motor de embolo (pistón), de  encendido por compresión (Diesel o semi-Diesel): // VEHÍCULOS AUTOMÓVILES PARA E;Servicios jurÃ­dicos contables y otros servicios a empresas (sin minerÃ­a)
I_60;87042210200M;404603689.1817403;De carga máxima superior a 5 t // Chasis con motor y cabina // --De peso total con carga máxima superior a 5 t  pero inferior o igual a 20 t // -Los demás, con motor de embolo (pistón), de  encendido por compresión (Diesel o semi-Diesel): // VEHÍCULOS AU;Transporte ferroviario y automotor y por tuberias
K_74;87042210200M;65.81825969573515;De carga máxima superior a 5 t // Chasis con motor y cabina // --De peso total con carga máxima superior a 5 t  pero inferior o igual a 20 t // -Los demás, con motor de embolo (pistón), de  encendido por compresión (Diesel o semi-Diesel): // VEHÍCULOS AU;Servicios jurÃ­dicos contables y otros servicios a empresas (sin minerÃ­a)
I_60;87042210100G;73689716.36118524;De carga máxima inferior o igual a 5 t // Chasis con motor y cabina // --De peso total con carga máxima superior a 5 t  pero inferior o igual a 20 t // -Los demás, con motor de embolo (pistón), de  encendido por compresión (Diesel o semi-Diesel): // VEHÍ;Transporte ferroviario y automotor y por tuberias
K_74;87042210100G;175.60411358380742;De carga máxima inferior o igual a 5 t // Chasis con motor y cabina // --De peso total con carga máxima superior a 5 t  pero inferior o igual a 20 t // -Los demás, con motor de embolo (pistón), de  encendido por compresión (Diesel o semi-Diesel): // VEHÍ;Servicios jurÃ­dicos contables y otros servicios a empresas (sin minerÃ­a)
K_71;87042210100G;0.004701186890620152;De carga máxima inferior o igual a 5 t // Chasis con motor y cabina // --De peso total con carga máxima superior a 5 t  pero inferior o igual a 20 t // -Los demás, con motor de embolo (pistón), de  encendido por compresión (Diesel o semi-Diesel): // VEHÍ;Alquiler de equipo de transporte y de maquinaria
A;87042190990W;6869545.0843869345;Los demás // Los demás // Los demás // --De peso total con carga máxima inferior o igual  a 5 t // -Los demás, con motor de embolo (pistón), de  encendido por compresión (Diesel o semi-Diesel): // VEHÍCULOS AUTOMÓVILES PARA EL TRANSPORTE DE MERCANCÍAS.;Agricultura, ganaderÃ­a, caza y silvicultura
B;87042190990W;6792041.595368395;Los demás // Los demás // Los demás // --De peso total con carga máxima inferior o igual  a 5 t // -Los demás, con motor de embolo (pistón), de  encendido por compresión (Diesel o semi-Diesel): // VEHÍCULOS AUTOMÓVILES PARA EL TRANSPORTE DE MERCANCÍAS.;Pesca
K_99;87042190990W;3760829.3021309706;Los demás // Los demás // Los demás // --De peso total con carga máxima inferior o igual  a 5 t // -Los demás, con motor de embolo (pistón), de  encendido por compresión (Diesel o semi-Diesel): // VEHÍCULOS AUTOMÓVILES PARA EL TRANSPORTE DE MERCANCÍAS.;Servicios de apoyo para la minerÃ­a excepto para la extracciÃ³n de petrÃ³leo y gas natual
D_20;87042190990W;2718928.7899800907;Los demás // Los demás // Los demás // --De peso total con carga máxima inferior o igual  a 5 t // -Los demás, con motor de embolo (pistón), de  encendido por compresión (Diesel o semi-Diesel): // VEHÍCULOS AUTOMÓVILES PARA EL TRANSPORTE DE MERCANCÍAS.;Madera
D_16;87042190990W;2301585.11599051;Los demás // Los demás // Los demás // --De peso total con carga máxima inferior o igual  a 5 t // -Los demás, con motor de embolo (pistón), de  encendido por compresión (Diesel o semi-Diesel): // VEHÍCULOS AUTOMÓVILES PARA EL TRANSPORTE DE MERCANCÍAS.;Tabaco
A;87042190390N;78732822.74728578;Los demás // De doble cabina o cabina y media,de carga          máxima menor o igual a 1,5 t. // Los demás // --De peso total con carga máxima inferior o igual  a 5 t // -Los demás, con motor de embolo (pistón), de  encendido por compresión (Diesel o sem;Agricultura, ganaderÃ­a, caza y silvicultura
B;87042190390N;77844544.35501471;Los demás // De doble cabina o cabina y media,de carga          máxima menor o igual a 1,5 t. // Los demás // --De peso total con carga máxima inferior o igual  a 5 t // -Los demás, con motor de embolo (pistón), de  encendido por compresión (Diesel o sem;Pesca
K_99;87042190390N;43103393.77500445;Los demás // De doble cabina o cabina y media,de carga          máxima menor o igual a 1,5 t. // Los demás // --De peso total con carga máxima inferior o igual  a 5 t // -Los demás, con motor de embolo (pistón), de  encendido por compresión (Diesel o sem;Servicios de apoyo para la minerÃ­a excepto para la extracciÃ³n de petrÃ³leo y gas natual
D_20;87042190390N;31162025.411337562;Los demás // De doble cabina o cabina y media,de carga          máxima menor o igual a 1,5 t. // Los demás // --De peso total con carga máxima inferior o igual  a 5 t // -Los demás, con motor de embolo (pistón), de  encendido por compresión (Diesel o sem;Madera
D_16;87042190390N;26378790.84408745;Los demás // De doble cabina o cabina y media,de carga          máxima menor o igual a 1,5 t. // Los demás // --De peso total con carga máxima inferior o igual  a 5 t // -Los demás, con motor de embolo (pistón), de  encendido por compresión (Diesel o sem;Tabaco
O;87032310990Y;43504544.332253374;Los demás // Los demás // Con capacidad para el transporte de personas   sentadas inferior o igual a 6, incluido el   conductor // --De cilindrada superior a 1.500 cm3 pero  inferior o igual a 3.000 cm3 // -Los demás vehículos con motor de émbolo (pistón;Otras actividades de servicios comunitarios, sociales y personales
G;87032310990Y;34868844.248928644;Los demás // Los demás // Con capacidad para el transporte de personas   sentadas inferior o igual a 6, incluido el   conductor // --De cilindrada superior a 1.500 cm3 pero  inferior o igual a 3.000 cm3 // -Los demás vehículos con motor de émbolo (pistón;Comercio al por mayor y al por menor
K_74;87032310990Y;3130206.89935533;Los demás // Los demás // Con capacidad para el transporte de personas   sentadas inferior o igual a 6, incluido el   conductor // --De cilindrada superior a 1.500 cm3 pero  inferior o igual a 3.000 cm3 // -Los demás vehículos con motor de émbolo (pistón;Servicios jurÃ­dicos contables y otros servicios a empresas (sin minerÃ­a)
D_34;87032310990Y;1441933.9748096543;Los demás // Los demás // Con capacidad para el transporte de personas   sentadas inferior o igual a 6, incluido el   conductor // --De cilindrada superior a 1.500 cm3 pero  inferior o igual a 3.000 cm3 // -Los demás vehículos con motor de émbolo (pistón;Automotores
I_60;87032310990Y;1173460.2690581318;Los demás // Los demás // Con capacidad para el transporte de personas   sentadas inferior o igual a 6, incluido el   conductor // --De cilindrada superior a 1.500 cm3 pero  inferior o igual a 3.000 cm3 // -Los demás vehículos con motor de émbolo (pistón;Transporte ferroviario y automotor y por tuberias
D_34;87032310190E;2506199648.9381447;Los demás // De cilindrada superior a 1.500 cm3 pero      inferior o igual a 2.000 cm3 // Con capacidad para el transporte de personas   sentadas inferior o igual a 6, incluido el   conductor // --De cilindrada superior a 1.500 cm3 pero  inferior o igual;Automotores
G;87032310190E;1080244389.577218;Los demás // De cilindrada superior a 1.500 cm3 pero      inferior o igual a 2.000 cm3 // Con capacidad para el transporte de personas   sentadas inferior o igual a 6, incluido el   conductor // --De cilindrada superior a 1.500 cm3 pero  inferior o igual;Comercio al por mayor y al por menor
K_74;87032310190E;2278927.202099919;Los demás // De cilindrada superior a 1.500 cm3 pero      inferior o igual a 2.000 cm3 // Con capacidad para el transporte de personas   sentadas inferior o igual a 6, incluido el   conductor // --De cilindrada superior a 1.500 cm3 pero  inferior o igual;Servicios jurÃ­dicos contables y otros servicios a empresas (sin minerÃ­a)
Q;87032310190E;66768.74462212659;Los demás // De cilindrada superior a 1.500 cm3 pero      inferior o igual a 2.000 cm3 // Con capacidad para el transporte de personas   sentadas inferior o igual a 6, incluido el   conductor // --De cilindrada superior a 1.500 cm3 pero  inferior o igual;Organizaciones y Ã³rganos extraterritoriales
O;87032310190E;53698.41884327512;Los demás // De cilindrada superior a 1.500 cm3 pero      inferior o igual a 2.000 cm3 // Con capacidad para el transporte de personas   sentadas inferior o igual a 6, incluido el   conductor // --De cilindrada superior a 1.500 cm3 pero  inferior o igual;Otras actividades de servicios comunitarios, sociales y personales
G;87032210900G;932516892.1110713;Los demás // Con capacidad para el transporte de personas   sentadas inferior o igual a 6, incluido el   conductor // --De cilindrada superior a 1.000 cm3 pero  inferior o igual a 1.500 cm3 // -Los demás vehículos con motor de émbolo (pistón) alternativo;Comercio al por mayor y al por menor
D_34;87032210900G;888281689.6626599;Los demás // Con capacidad para el transporte de personas   sentadas inferior o igual a 6, incluido el   conductor // --De cilindrada superior a 1.000 cm3 pero  inferior o igual a 1.500 cm3 // -Los demás vehículos con motor de émbolo (pistón) alternativo;Automotores
K_74;87032210900G;1445960.2531210163;Los demás // Con capacidad para el transporte de personas   sentadas inferior o igual a 6, incluido el   conductor // --De cilindrada superior a 1.000 cm3 pero  inferior o igual a 1.500 cm3 // -Los demás vehículos con motor de émbolo (pistón) alternativo;Servicios jurÃ­dicos contables y otros servicios a empresas (sin minerÃ­a)
K_70;87032210900G;19446.75;Los demás // Con capacidad para el transporte de personas   sentadas inferior o igual a 6, incluido el   conductor // --De cilindrada superior a 1.000 cm3 pero  inferior o igual a 1.500 cm3 // -Los demás vehículos con motor de émbolo (pistón) alternativo;Servicios inmobiliarios
D_35;87032210900G;0.8431478059134556;Los demás // Con capacidad para el transporte de personas   sentadas inferior o igual a 6, incluido el   conductor // --De cilindrada superior a 1.000 cm3 pero  inferior o igual a 1.500 cm3 // -Los demás vehículos con motor de émbolo (pistón) alternativo;Otros equipo de transporte
D_34;87032100900K;260834999.3002741;Los demás // --De cilindrada inferior o igual a 1.000 cm3 // -Los demás vehículos con motor de émbolo (pistón) alternativo, de encendido por chispa: // AUTOMÓVILES PARA TURISMO Y DEMÁS VEHÍCULOSAUTOMÓVILES CONCEBIDOS PRINCIPALMENTE PARAEL TRANSPORTE DE P;Automotores
G;87032100900K;118852947.4840325;Los demás // --De cilindrada inferior o igual a 1.000 cm3 // -Los demás vehículos con motor de émbolo (pistón) alternativo, de encendido por chispa: // AUTOMÓVILES PARA TURISMO Y DEMÁS VEHÍCULOSAUTOMÓVILES CONCEBIDOS PRINCIPALMENTE PARAEL TRANSPORTE DE P;Comercio al por mayor y al por menor
K_74;87032100900K;14794.975340085639;Los demás // --De cilindrada inferior o igual a 1.000 cm3 // -Los demás vehículos con motor de émbolo (pistón) alternativo, de encendido por chispa: // AUTOMÓVILES PARA TURISMO Y DEMÁS VEHÍCULOSAUTOMÓVILES CONCEBIDOS PRINCIPALMENTE PARAEL TRANSPORTE DE P;Servicios jurÃ­dicos contables y otros servicios a empresas (sin minerÃ­a)
D_35;87032100900K;0.0002528160809631873;Los demás // --De cilindrada inferior o igual a 1.000 cm3 // -Los demás vehículos con motor de émbolo (pistón) alternativo, de encendido por chispa: // AUTOMÓVILES PARA TURISMO Y DEMÁS VEHÍCULOSAUTOMÓVILES CONCEBIDOS PRINCIPALMENTE PARAEL TRANSPORTE DE P;Otros equipo de transporte
D_24;87032100900K;3.3506563376031936e-05;Los demás // --De cilindrada inferior o igual a 1.000 cm3 // -Los demás vehículos con motor de émbolo (pistón) alternativo, de encendido por chispa: // AUTOMÓVILES PARA TURISMO Y DEMÁS VEHÍCULOSAUTOMÓVILES CONCEBIDOS PRINCIPALMENTE PARAEL TRANSPORTE DE P;Productos quÃ­micos
I_60;87021000900Q;145279045.23832682;Los demás // -Con motor de émbolo (pistón), de encendido  por compresión (Diesel o semi-Diesel) // VEHÍCULOS AUTOMÓVILES PARA EL TRANSPORTE DE DIEZO MÁS PERSONAS, INCLUIDO EL CONDUCTOR.;Transporte ferroviario y automotor y por tuberias
K_74;87021000900Q;15.261673184889984;Los demás // -Con motor de émbolo (pistón), de encendido  por compresión (Diesel o semi-Diesel) // VEHÍCULOS AUTOMÓVILES PARA EL TRANSPORTE DE DIEZO MÁS PERSONAS, INCLUIDO EL CONDUCTOR.;Servicios jurÃ­dicos contables y otros servicios a empresas (sin minerÃ­a)
A;87019090900Y;237468781.47394654;Los demás // Los demás // -Los demás // TRACTORES (EXCEPTO LAS CARRETILLAS TRACTOR DE LAPARTIDA 87.09).;Agricultura, ganaderÃ­a, caza y silvicultura
I_60;87019090900Y;237269160.69965392;Los demás // Los demás // -Los demás // TRACTORES (EXCEPTO LAS CARRETILLAS TRACTOR DE LAPARTIDA 87.09).;Transporte ferroviario y automotor y por tuberias
F;87019090900Y;39906.27607822088;Los demás // Los demás // -Los demás // TRACTORES (EXCEPTO LAS CARRETILLAS TRACTOR DE LAPARTIDA 87.09).;ConstrucciÃ³n
K_74;87019090900Y;1290.7263995490591;Los demás // Los demás // -Los demás // TRACTORES (EXCEPTO LAS CARRETILLAS TRACTOR DE LAPARTIDA 87.09).;Servicios jurÃ­dicos contables y otros servicios a empresas (sin minerÃ­a)
E;87019090900Y;9.32392177972682;Los demás // Los demás // -Los demás // TRACTORES (EXCEPTO LAS CARRETILLAS TRACTOR DE LAPARTIDA 87.09).;Suministro de electricidad, gas y agua
I_60;87012000290C;457093038.3312511;Los demás // De carga máxima superior a 5 t // -Tractores de carretera para semirremolques // TRACTORES (EXCEPTO LAS CARRETILLAS TRACTOR DE LAPARTIDA 87.09).;Transporte ferroviario y automotor y por tuberias
K_74;87012000290C;1635.3687488833048;Los demás // De carga máxima superior a 5 t // -Tractores de carretera para semirremolques // TRACTORES (EXCEPTO LAS CARRETILLAS TRACTOR DE LAPARTIDA 87.09).;Servicios jurÃ­dicos contables y otros servicios a empresas (sin minerÃ­a)
O;87012000290C;1.812291419445953e-11;Los demás // De carga máxima superior a 5 t // -Tractores de carretera para semirremolques // TRACTORES (EXCEPTO LAS CARRETILLAS TRACTOR DE LAPARTIDA 87.09).;Otras actividades de servicios comunitarios, sociales y personales
I_63;86069900000E;105346206.31750116;--Los demás // -Los demás: // VAGONES PARA EL TRANSPORTE DE MERCANCÍAS SOBRE CARRILES (RIELES).;ManipulaciÃ³n de carga, almacenamiento y depÃ³sito
I_60;86069900000E;5516533.1400537025;--Los demás // -Los demás: // VAGONES PARA EL TRANSPORTE DE MERCANCÍAS SOBRE CARRILES (RIELES).;Transporte ferroviario y automotor y por tuberias
F;86069900000E;508566.7310258265;--Los demás // -Los demás: // VAGONES PARA EL TRANSPORTE DE MERCANCÍAS SOBRE CARRILES (RIELES).;ConstrucciÃ³n
G;86069900000E;7.471262828759048;--Los demás // -Los demás: // VAGONES PARA EL TRANSPORTE DE MERCANCÍAS SOBRE CARRILES (RIELES).;Comercio al por mayor y al por menor
K_74;86069900000E;0.0001564925445217035;--Los demás // -Los demás: // VAGONES PARA EL TRANSPORTE DE MERCANCÍAS SOBRE CARRILES (RIELES).;Servicios jurÃ­dicos contables y otros servicios a empresas (sin minerÃ­a)
I_60;86031000000D;68356490.32;-De fuente externa de electricidad // AUTOMOTORES PARA VÍAS FERREAS Y TRANVÍASAUTOPROPULSADOS, EXCEPTO LOS DE LA PARTIDA86.04.;Transporte ferroviario y automotor y por tuberias
I_63;86021000000K;90020718.39511664;"-Locomotoras Diesel-eléctricas // LAS DEMÁS LOCOMOTORAS Y LOCOTRACTORES; TENDERES.";ManipulaciÃ³n de carga, almacenamiento y depÃ³sito
I_60;86021000000K;6017211.994883368;"-Locomotoras Diesel-eléctricas // LAS DEMÁS LOCOMOTORAS Y LOCOTRACTORES; TENDERES.";Transporte ferroviario y automotor y por tuberias
F;86021000000K;1924001.3045224713;"-Locomotoras Diesel-eléctricas // LAS DEMÁS LOCOMOTORAS Y LOCOTRACTORES; TENDERES.";ConstrucciÃ³n
K_74;86021000000K;29.745477528736217;"-Locomotoras Diesel-eléctricas // LAS DEMÁS LOCOMOTORAS Y LOCOTRACTORES; TENDERES.";Servicios jurÃ­dicos contables y otros servicios a empresas (sin minerÃ­a)
CONS;85437099939Z;46257088.53587077;"Las demás // Lámparas conformadas por diodos de        luz (""LEDs"") // Los demás // Los demás // Los demás // -Las demás máquinas y aparatos: // MÁQUINAS Y APARATOS ELECTRICOS CON FUNCION PROPIA, NO EXPRESADOS NI COMPRENDIDOS EN OTRA PARTE DE ESTE CAPÍTU";Consumo
G;85437099939Z;28168811.60791698;"Las demás // Lámparas conformadas por diodos de        luz (""LEDs"") // Los demás // Los demás // Los demás // -Las demás máquinas y aparatos: // MÁQUINAS Y APARATOS ELECTRICOS CON FUNCION PROPIA, NO EXPRESADOS NI COMPRENDIDOS EN OTRA PARTE DE ESTE CAPÍTU";Comercio al por mayor y al por menor
D_31;85437099939Z;14285351.136130953;"Las demás // Lámparas conformadas por diodos de        luz (""LEDs"") // Los demás // Los demás // Los demás // -Las demás máquinas y aparatos: // MÁQUINAS Y APARATOS ELECTRICOS CON FUNCION PROPIA, NO EXPRESADOS NI COMPRENDIDOS EN OTRA PARTE DE ESTE CAPÍTU";Aparatos elÃ©ctricos
D_29;85437099939Z;11152355.46957419;"Las demás // Lámparas conformadas por diodos de        luz (""LEDs"") // Los demás // Los demás // Los demás // -Las demás máquinas y aparatos: // MÁQUINAS Y APARATOS ELECTRICOS CON FUNCION PROPIA, NO EXPRESADOS NI COMPRENDIDOS EN OTRA PARTE DE ESTE CAPÍTU";Maquinaria y equipo
D_25;85437099939Z;1963599.8803960553;"Las demás // Lámparas conformadas por diodos de        luz (""LEDs"") // Los demás // Los demás // Los demás // -Las demás máquinas y aparatos: // MÁQUINAS Y APARATOS ELECTRICOS CON FUNCION PROPIA, NO EXPRESADOS NI COMPRENDIDOS EN OTRA PARTE DE ESTE CAPÍTU";Productos de caucho y plÃ¡stico
D_32;85177010000L;490196717.95684797;"Circuitos impresos con componentes eléctricos   o electrónicos montados // -Partes // TELEFONOS, INCLUIDOS LOS TELEFONOS CELULARES (MÓVILES)* Y LOS DE OTRAS REDES INALÁMBRICAS; LOS DEMÁS APARATOS DE EMISIÓN, TRANSMISIÓN O RECEPCIÓN DE VOZ, IMAGEN U OTROS";Radio y televisiÃ³n
D_29;85177010000L;55119951.2332629;"Circuitos impresos con componentes eléctricos   o electrónicos montados // -Partes // TELEFONOS, INCLUIDOS LOS TELEFONOS CELULARES (MÓVILES)* Y LOS DE OTRAS REDES INALÁMBRICAS; LOS DEMÁS APARATOS DE EMISIÓN, TRANSMISIÓN O RECEPCIÓN DE VOZ, IMAGEN U OTROS";Maquinaria y equipo
G;85177010000L;9833831.915994152;"Circuitos impresos con componentes eléctricos   o electrónicos montados // -Partes // TELEFONOS, INCLUIDOS LOS TELEFONOS CELULARES (MÓVILES)* Y LOS DE OTRAS REDES INALÁMBRICAS; LOS DEMÁS APARATOS DE EMISIÓN, TRANSMISIÓN O RECEPCIÓN DE VOZ, IMAGEN U OTROS";Comercio al por mayor y al por menor
D_33;85177010000L;552881.1068718114;"Circuitos impresos con componentes eléctricos   o electrónicos montados // -Partes // TELEFONOS, INCLUIDOS LOS TELEFONOS CELULARES (MÓVILES)* Y LOS DE OTRAS REDES INALÁMBRICAS; LOS DEMÁS APARATOS DE EMISIÓN, TRANSMISIÓN O RECEPCIÓN DE VOZ, IMAGEN U OTROS";Instrumentos mÃ©dicos
CONS;85177010000L;533658.8677258658;"Circuitos impresos con componentes eléctricos   o electrónicos montados // -Partes // TELEFONOS, INCLUIDOS LOS TELEFONOS CELULARES (MÓVILES)* Y LOS DE OTRAS REDES INALÁMBRICAS; LOS DEMÁS APARATOS DE EMISIÓN, TRANSMISIÓN O RECEPCIÓN DE VOZ, IMAGEN U OTROS";Consumo
I_64;85176299900R;57344664.26016357;Los demás // Los demás // Los demás // --Aparatos para la recepción, conversión, emisión  y transmisión o regeneración de voz, imagen u  otros datos, incluidos los de conmutación y  encaminamiento («switching and routing  apparatus») // -Los demás aparat;Correos y telecomunicaciones
L;85176299900R;39709146.87736117;Los demás // Los demás // Los demás // --Aparatos para la recepción, conversión, emisión  y transmisión o regeneración de voz, imagen u  otros datos, incluidos los de conmutación y  encaminamiento («switching and routing  apparatus») // -Los demás aparat;AdministraciÃ³n pÃºblica y defensa
CONS;85176299900R;26691212.916732103;Los demás // Los demás // Los demás // --Aparatos para la recepción, conversión, emisión  y transmisión o regeneración de voz, imagen u  otros datos, incluidos los de conmutación y  encaminamiento («switching and routing  apparatus») // -Los demás aparat;Consumo
I_63;85176299900R;26679485.148479834;Los demás // Los demás // Los demás // --Aparatos para la recepción, conversión, emisión  y transmisión o regeneración de voz, imagen u  otros datos, incluidos los de conmutación y  encaminamiento («switching and routing  apparatus») // -Los demás aparat;ManipulaciÃ³n de carga, almacenamiento y depÃ³sito
G;85176299900R;21705269.884998754;Los demás // Los demás // Los demás // --Aparatos para la recepción, conversión, emisión  y transmisión o regeneración de voz, imagen u  otros datos, incluidos los de conmutación y  encaminamiento («switching and routing  apparatus») // -Los demás aparat;Comercio al por mayor y al por menor
I_63;85176259000D;28509116.640024144;Los demás // Aparatos para la recepción, transmisión o   regeneración de voz, imagen o datos,    en redes con cable // --Aparatos para la recepción, conversión, emisión  y transmisión o regeneración de voz, imagen u  otros datos, incluidos los de conmuta;ManipulaciÃ³n de carga, almacenamiento y depÃ³sito
K_73;85176259000D;13361925.289620193;Los demás // Aparatos para la recepción, transmisión o   regeneración de voz, imagen o datos,    en redes con cable // --Aparatos para la recepción, conversión, emisión  y transmisión o regeneración de voz, imagen u  otros datos, incluidos los de conmuta;InvestigaciÃ³n y desarrollo
I_64;85176259000D;7777865.225650386;Los demás // Aparatos para la recepción, transmisión o   regeneración de voz, imagen o datos,    en redes con cable // --Aparatos para la recepción, conversión, emisión  y transmisión o regeneración de voz, imagen u  otros datos, incluidos los de conmuta;Correos y telecomunicaciones
CONS;85176259000D;4462975.1655270355;Los demás // Aparatos para la recepción, transmisión o   regeneración de voz, imagen o datos,    en redes con cable // --Aparatos para la recepción, conversión, emisión  y transmisión o regeneración de voz, imagen u  otros datos, incluidos los de conmuta;Consumo
G;85176259000D;2521081.721084966;Los demás // Aparatos para la recepción, transmisión o   regeneración de voz, imagen o datos,    en redes con cable // --Aparatos para la recepción, conversión, emisión  y transmisión o regeneración de voz, imagen u  otros datos, incluidos los de conmuta;Comercio al por mayor y al por menor
CONS;85176248000L;34567214.773876935;Los demás, con velocidad de interface serie de    por lo menos 4 Mbits/s, aptos para    interconexión de redes locales con protocolos    distintos // , con velocidad de interface serie de    por lo menos 4 Mbits/s, aptos para    interconexión de redes lo;Consumo
I_63;85176248000L;20122701.770111866;Los demás, con velocidad de interface serie de    por lo menos 4 Mbits/s, aptos para    interconexión de redes locales con protocolos    distintos // , con velocidad de interface serie de    por lo menos 4 Mbits/s, aptos para    interconexión de redes lo;ManipulaciÃ³n de carga, almacenamiento y depÃ³sito
I_64;85176248000L;18123159.437085744;Los demás, con velocidad de interface serie de    por lo menos 4 Mbits/s, aptos para    interconexión de redes locales con protocolos    distintos // , con velocidad de interface serie de    por lo menos 4 Mbits/s, aptos para    interconexión de redes lo;Correos y telecomunicaciones
K_73;85176248000L;14461381.101741852;Los demás, con velocidad de interface serie de    por lo menos 4 Mbits/s, aptos para    interconexión de redes locales con protocolos    distintos // , con velocidad de interface serie de    por lo menos 4 Mbits/s, aptos para    interconexión de redes lo;InvestigaciÃ³n y desarrollo
G;85176248000L;4223520.994355473;Los demás, con velocidad de interface serie de    por lo menos 4 Mbits/s, aptos para    interconexión de redes locales con protocolos    distintos // , con velocidad de interface serie de    por lo menos 4 Mbits/s, aptos para    interconexión de redes lo;Comercio al por mayor y al por menor
E;85023900000P;601348316.1254879;--Los demás // -Los demás grupos electrógenos: // GRUPOS ELECTRÓGENOS Y CONVERTIDORES ROTATIVOSELECTRICOS.;Suministro de electricidad, gas y agua
K_74;85023900000P;1843115.8745472282;--Los demás // -Los demás grupos electrógenos: // GRUPOS ELECTRÓGENOS Y CONVERTIDORES ROTATIVOSELECTRICOS.;Servicios jurÃ­dicos contables y otros servicios a empresas (sin minerÃ­a)
G;85023900000P;1148297.1264681953;--Los demás // -Los demás grupos electrógenos: // GRUPOS ELECTRÓGENOS Y CONVERTIDORES ROTATIVOSELECTRICOS.;Comercio al por mayor y al por menor
F;85023900000P;342306.4827356229;--Los demás // -Los demás grupos electrógenos: // GRUPOS ELECTRÓGENOS Y CONVERTIDORES ROTATIVOSELECTRICOS.;ConstrucciÃ³n
D_34;85023900000P;10683.614492666986;--Los demás // -Los demás grupos electrógenos: // GRUPOS ELECTRÓGENOS Y CONVERTIDORES ROTATIVOSELECTRICOS.;Automotores
E;85023100000U;336036429.37153155;--De energía eólica // -Los demás grupos electrógenos: // GRUPOS ELECTRÓGENOS Y CONVERTIDORES ROTATIVOSELECTRICOS.;Suministro de electricidad, gas y agua
G;85023100000U;1372385.3613568;--De energía eólica // -Los demás grupos electrógenos: // GRUPOS ELECTRÓGENOS Y CONVERTIDORES ROTATIVOSELECTRICOS.;Comercio al por mayor y al por menor
F;85023100000U;25965.151600774752;--De energía eólica // -Los demás grupos electrógenos: // GRUPOS ELECTRÓGENOS Y CONVERTIDORES ROTATIVOSELECTRICOS.;ConstrucciÃ³n
CONS;85023100000U;25400.461201171158;--De energía eólica // -Los demás grupos electrógenos: // GRUPOS ELECTRÓGENOS Y CONVERTIDORES ROTATIVOSELECTRICOS.;Consumo
I_60;85023100000U;23437.53420031065;--De energía eólica // -Los demás grupos electrógenos: // GRUPOS ELECTRÓGENOS Y CONVERTIDORES ROTATIVOSELECTRICOS.;Transporte ferroviario y automotor y por tuberias
D_24;85021390000C;37842198.57775281;Los demás // --De potencia superior a 375 kVA // -Grupos electrógenos con motor de émbolo (pistón) de encendido por compresión (motores Diesel o semi-Diesel): // GRUPOS ELECTRÓGENOS Y CONVERTIDORES ROTATIVOSELECTRICOS.;Productos quÃ­micos
E;85021390000C;25557817.052989427;Los demás // --De potencia superior a 375 kVA // -Grupos electrógenos con motor de émbolo (pistón) de encendido por compresión (motores Diesel o semi-Diesel): // GRUPOS ELECTRÓGENOS Y CONVERTIDORES ROTATIVOSELECTRICOS.;Suministro de electricidad, gas y agua
K_74;85021390000C;25303124.185021304;Los demás // --De potencia superior a 375 kVA // -Grupos electrógenos con motor de émbolo (pistón) de encendido por compresión (motores Diesel o semi-Diesel): // GRUPOS ELECTRÓGENOS Y CONVERTIDORES ROTATIVOSELECTRICOS.;Servicios jurÃ­dicos contables y otros servicios a empresas (sin minerÃ­a)
C_11;85021390000C;5735698.444606739;Los demás // --De potencia superior a 375 kVA // -Grupos electrógenos con motor de émbolo (pistón) de encendido por compresión (motores Diesel o semi-Diesel): // GRUPOS ELECTRÓGENOS Y CONVERTIDORES ROTATIVOSELECTRICOS.;Extraccion de petroleo crudo y gas natural
D_23;85021390000C;227944.84094576022;Los demás // --De potencia superior a 375 kVA // -Grupos electrógenos con motor de émbolo (pistón) de encendido por compresión (motores Diesel o semi-Diesel): // GRUPOS ELECTRÓGENOS Y CONVERTIDORES ROTATIVOSELECTRICOS.;Productos de petrÃ³leo
F;85021319000T;66310465.06622751;Los demás // De corriente alterna // --De potencia superior a 375 kVA // -Grupos electrógenos con motor de émbolo (pistón) de encendido por compresión (motores Diesel o semi-Diesel): // GRUPOS ELECTRÓGENOS Y CONVERTIDORES ROTATIVOSELECTRICOS.;ConstrucciÃ³n
E;85021319000T;14320372.818201978;Los demás // De corriente alterna // --De potencia superior a 375 kVA // -Grupos electrógenos con motor de émbolo (pistón) de encendido por compresión (motores Diesel o semi-Diesel): // GRUPOS ELECTRÓGENOS Y CONVERTIDORES ROTATIVOSELECTRICOS.;Suministro de electricidad, gas y agua
G;85021319000T;5317780.95545482;Los demás // De corriente alterna // --De potencia superior a 375 kVA // -Grupos electrógenos con motor de émbolo (pistón) de encendido por compresión (motores Diesel o semi-Diesel): // GRUPOS ELECTRÓGENOS Y CONVERTIDORES ROTATIVOSELECTRICOS.;Comercio al por mayor y al por menor
K_71;85021319000T;5304233.26348359;Los demás // De corriente alterna // --De potencia superior a 375 kVA // -Grupos electrógenos con motor de émbolo (pistón) de encendido por compresión (motores Diesel o semi-Diesel): // GRUPOS ELECTRÓGENOS Y CONVERTIDORES ROTATIVOSELECTRICOS.;Alquiler de equipo de transporte y de maquinaria
C_11;85021319000T;2793640.065482078;Los demás // De corriente alterna // --De potencia superior a 375 kVA // -Grupos electrógenos con motor de émbolo (pistón) de encendido por compresión (motores Diesel o semi-Diesel): // GRUPOS ELECTRÓGENOS Y CONVERTIDORES ROTATIVOSELECTRICOS.;Extraccion de petroleo crudo y gas natural
D_25;84807100000X;21860522.997707844;"--Para moldeo por inyección o compresión // -Moldes para caucho o plástico: // CAJAS DE FUNDICIÓN; PLACAS DE FONDO PARAMOLDES; MODELOS PARA MOLDES; MOLDES PARA METAL (EXCEPTO LAS LINGOTERAS), CARBUROS METÁLICOS, VIDRIO, MATERIA MINERAL, CAUCHO O PLÁSTICO";Productos de caucho y plÃ¡stico
G;84807100000X;19027458.50175075;"--Para moldeo por inyección o compresión // -Moldes para caucho o plástico: // CAJAS DE FUNDICIÓN; PLACAS DE FONDO PARAMOLDES; MODELOS PARA MOLDES; MOLDES PARA METAL (EXCEPTO LAS LINGOTERAS), CARBUROS METÁLICOS, VIDRIO, MATERIA MINERAL, CAUCHO O PLÁSTICO";Comercio al por mayor y al por menor
D_34;84807100000X;12740002.880888302;"--Para moldeo por inyección o compresión // -Moldes para caucho o plástico: // CAJAS DE FUNDICIÓN; PLACAS DE FONDO PARAMOLDES; MODELOS PARA MOLDES; MOLDES PARA METAL (EXCEPTO LAS LINGOTERAS), CARBUROS METÁLICOS, VIDRIO, MATERIA MINERAL, CAUCHO O PLÁSTICO";Automotores
D_19;84807100000X;3921259.8145848634;"--Para moldeo por inyección o compresión // -Moldes para caucho o plástico: // CAJAS DE FUNDICIÓN; PLACAS DE FONDO PARAMOLDES; MODELOS PARA MOLDES; MOLDES PARA METAL (EXCEPTO LAS LINGOTERAS), CARBUROS METÁLICOS, VIDRIO, MATERIA MINERAL, CAUCHO O PLÁSTICO";Cuero
CONS;84807100000X;1935750.0009426682;"--Para moldeo por inyección o compresión // -Moldes para caucho o plástico: // CAJAS DE FUNDICIÓN; PLACAS DE FONDO PARAMOLDES; MODELOS PARA MOLDES; MOLDES PARA METAL (EXCEPTO LAS LINGOTERAS), CARBUROS METÁLICOS, VIDRIO, MATERIA MINERAL, CAUCHO O PLÁSTICO";Consumo
G;84798999900H;34476495.03204067;Los demás // Los demás // Los demás // --Los demás // -Las demás máquinas y aparatos: // MÁQUINAS Y APARATOS MECÁNICOS CON FUNCIÓNPROPIA, NO EXPRESADOS NI COMPRENDIDOS EN OTRAPARTE DE ESTE CAPÍTULO.;Comercio al por mayor y al por menor
CONS;84798999900H;11592239.893741371;Los demás // Los demás // Los demás // --Los demás // -Las demás máquinas y aparatos: // MÁQUINAS Y APARATOS MECÁNICOS CON FUNCIÓNPROPIA, NO EXPRESADOS NI COMPRENDIDOS EN OTRAPARTE DE ESTE CAPÍTULO.;Consumo
D_34;84798999900H;9382308.685432311;Los demás // Los demás // Los demás // --Los demás // -Las demás máquinas y aparatos: // MÁQUINAS Y APARATOS MECÁNICOS CON FUNCIÓNPROPIA, NO EXPRESADOS NI COMPRENDIDOS EN OTRAPARTE DE ESTE CAPÍTULO.;Automotores
C_11;84798999900H;9051954.510172375;Los demás // Los demás // Los demás // --Los demás // -Las demás máquinas y aparatos: // MÁQUINAS Y APARATOS MECÁNICOS CON FUNCIÓNPROPIA, NO EXPRESADOS NI COMPRENDIDOS EN OTRAPARTE DE ESTE CAPÍTULO.;Extraccion de petroleo crudo y gas natural
D_29;84798999900H;6213861.290565564;Los demás // Los demás // Los demás // --Los demás // -Las demás máquinas y aparatos: // MÁQUINAS Y APARATOS MECÁNICOS CON FUNCIÓNPROPIA, NO EXPRESADOS NI COMPRENDIDOS EN OTRAPARTE DE ESTE CAPÍTULO.;Maquinaria y equipo
CONS;84715010000P;63839600.295422316;De pequeña capacidad, basadas en   microprocesadores, con capacidad de   instalación dentro del mismo gabinete de   unidades de memoria de la subpartida   8471.70, pudiendo contener múltiples   conectores de expansión («slots»), y valor FOB   inferior o;Consumo
G;84715010000P;9089101.228788244;De pequeña capacidad, basadas en   microprocesadores, con capacidad de   instalación dentro del mismo gabinete de   unidades de memoria de la subpartida   8471.70, pudiendo contener múltiples   conectores de expansión («slots»), y valor FOB   inferior o;Comercio al por mayor y al por menor
K_72;84715010000P;3825430.9745029756;De pequeña capacidad, basadas en   microprocesadores, con capacidad de   instalación dentro del mismo gabinete de   unidades de memoria de la subpartida   8471.70, pudiendo contener múltiples   conectores de expansión («slots»), y valor FOB   inferior o;Actividades de informÃ¡tica
K_74;84715010000P;3590987.469389144;De pequeña capacidad, basadas en   microprocesadores, con capacidad de   instalación dentro del mismo gabinete de   unidades de memoria de la subpartida   8471.70, pudiendo contener múltiples   conectores de expansión («slots»), y valor FOB   inferior o;Servicios jurÃ­dicos contables y otros servicios a empresas (sin minerÃ­a)
L;84715010000P;2102634.795764567;De pequeña capacidad, basadas en   microprocesadores, con capacidad de   instalación dentro del mismo gabinete de   unidades de memoria de la subpartida   8471.70, pudiendo contener múltiples   conectores de expansión («slots»), y valor FOB   inferior o;AdministraciÃ³n pÃºblica y defensa
CONS;84714900000Y;50343579.34635848;"--Las demás presentadas en forma de sistemas // -Las demás máquinas automáticas para tratamiento o procesamiento de datos: // MÁQUINAS AUTOMÁTICAS PARA TRATAMIENTO OPROCESAMIENTO DE DATOS Y SUS UNIDADES; LECTORESMAGNETICOS U ÓPTICOS, MÁQUINAS PARA REGIST";Consumo
G;84714900000Y;4933416.810335112;"--Las demás presentadas en forma de sistemas // -Las demás máquinas automáticas para tratamiento o procesamiento de datos: // MÁQUINAS AUTOMÁTICAS PARA TRATAMIENTO OPROCESAMIENTO DE DATOS Y SUS UNIDADES; LECTORESMAGNETICOS U ÓPTICOS, MÁQUINAS PARA REGIST";Comercio al por mayor y al por menor
N;84714900000Y;1477577.2222660473;"--Las demás presentadas en forma de sistemas // -Las demás máquinas automáticas para tratamiento o procesamiento de datos: // MÁQUINAS AUTOMÁTICAS PARA TRATAMIENTO OPROCESAMIENTO DE DATOS Y SUS UNIDADES; LECTORESMAGNETICOS U ÓPTICOS, MÁQUINAS PARA REGIST";Servicios sociales y de salud
I_64;84714900000Y;353533.7905187503;"--Las demás presentadas en forma de sistemas // -Las demás máquinas automáticas para tratamiento o procesamiento de datos: // MÁQUINAS AUTOMÁTICAS PARA TRATAMIENTO OPROCESAMIENTO DE DATOS Y SUS UNIDADES; LECTORESMAGNETICOS U ÓPTICOS, MÁQUINAS PARA REGIST";Correos y telecomunicaciones
C_13;84714900000Y;327872.7876255346;"--Las demás presentadas en forma de sistemas // -Las demás máquinas automáticas para tratamiento o procesamiento de datos: // MÁQUINAS AUTOMÁTICAS PARA TRATAMIENTO OPROCESAMIENTO DE DATOS Y SUS UNIDADES; LECTORESMAGNETICOS U ÓPTICOS, MÁQUINAS PARA REGIST";Extraccion de minerales metaliferos
CONS;84713019000E;230147891.3349098;Las demás // Capaces de funcionar sin fuente externa de   energía // -Máquinas automáticas para tratamiento o procesamiento de datos, portátiles, de peso inferior o igual a 10 kg, que estén constituidas, al menos, por una unidad central de proceso, un te;Consumo
G;84713019000E;16782681.201191235;Las demás // Capaces de funcionar sin fuente externa de   energía // -Máquinas automáticas para tratamiento o procesamiento de datos, portátiles, de peso inferior o igual a 10 kg, que estén constituidas, al menos, por una unidad central de proceso, un te;Comercio al por mayor y al por menor
I_63;84713019000E;962890.4141964976;Las demás // Capaces de funcionar sin fuente externa de   energía // -Máquinas automáticas para tratamiento o procesamiento de datos, portátiles, de peso inferior o igual a 10 kg, que estén constituidas, al menos, por una unidad central de proceso, un te;ManipulaciÃ³n de carga, almacenamiento y depÃ³sito
K_74;84713019000E;815431.0601881844;Las demás // Capaces de funcionar sin fuente externa de   energía // -Máquinas automáticas para tratamiento o procesamiento de datos, portátiles, de peso inferior o igual a 10 kg, que estén constituidas, al menos, por una unidad central de proceso, un te;Servicios jurÃ­dicos contables y otros servicios a empresas (sin minerÃ­a)
D_24;84713019000E;515543.41663052706;Las demás // Capaces de funcionar sin fuente externa de   energía // -Máquinas automáticas para tratamiento o procesamiento de datos, portátiles, de peso inferior o igual a 10 kg, que estén constituidas, al menos, por una unidad central de proceso, un te;Productos quÃ­micos
CONS;84713012000B;230529243.85906637;De peso inferior a 3,5 kg, con teclado     alfanumérico de por lo menos 70 teclas y    con una pantalla («display») de área superior    a 140 cm2 e inferior a 560 cm2 // Capaces de funcionar sin fuente externa de   energía // -Máquinas automáticas para t;Consumo
G;84713012000B;46706544.95782976;De peso inferior a 3,5 kg, con teclado     alfanumérico de por lo menos 70 teclas y    con una pantalla («display») de área superior    a 140 cm2 e inferior a 560 cm2 // Capaces de funcionar sin fuente externa de   energía // -Máquinas automáticas para t;Comercio al por mayor y al por menor
K_72;84713012000B;19177891.786977623;De peso inferior a 3,5 kg, con teclado     alfanumérico de por lo menos 70 teclas y    con una pantalla («display») de área superior    a 140 cm2 e inferior a 560 cm2 // Capaces de funcionar sin fuente externa de   energía // -Máquinas automáticas para t;Actividades de informÃ¡tica
L;84713012000B;6637378.1014633225;De peso inferior a 3,5 kg, con teclado     alfanumérico de por lo menos 70 teclas y    con una pantalla («display») de área superior    a 140 cm2 e inferior a 560 cm2 // Capaces de funcionar sin fuente externa de   energía // -Máquinas automáticas para t;AdministraciÃ³n pÃºblica y defensa
O;84713012000B;2727474.546954796;De peso inferior a 3,5 kg, con teclado     alfanumérico de por lo menos 70 teclas y    con una pantalla («display») de área superior    a 140 cm2 e inferior a 560 cm2 // Capaces de funcionar sin fuente externa de   energía // -Máquinas automáticas para t;Otras actividades de servicios comunitarios, sociales y personales
CONS;84713011000U;63031572.42191225;De peso inferior a 350 g, con teclado    alfanumérico de por lo menos 70 teclas y    con una pantalla («display») de área inferior    a 140 cm2 // Capaces de funcionar sin fuente externa de   energía // -Máquinas automáticas para tratamiento o procesamie;Consumo
G;84713011000U;6556868.239765047;De peso inferior a 350 g, con teclado    alfanumérico de por lo menos 70 teclas y    con una pantalla («display») de área inferior    a 140 cm2 // Capaces de funcionar sin fuente externa de   energía // -Máquinas automáticas para tratamiento o procesamie;Comercio al por mayor y al por menor
D_32;84713011000U;2095544.1785864693;De peso inferior a 350 g, con teclado    alfanumérico de por lo menos 70 teclas y    con una pantalla («display») de área inferior    a 140 cm2 // Capaces de funcionar sin fuente externa de   energía // -Máquinas automáticas para tratamiento o procesamie;Radio y televisiÃ³n
L;84713011000U;1061467.2572019808;De peso inferior a 350 g, con teclado    alfanumérico de por lo menos 70 teclas y    con una pantalla («display») de área inferior    a 140 cm2 // Capaces de funcionar sin fuente externa de   energía // -Máquinas automáticas para tratamiento o procesamie;AdministraciÃ³n pÃºblica y defensa
I_63;84713011000U;126574.2119107452;De peso inferior a 350 g, con teclado    alfanumérico de por lo menos 70 teclas y    con una pantalla («display») de área inferior    a 140 cm2 // Capaces de funcionar sin fuente externa de   energía // -Máquinas automáticas para tratamiento o procesamie;ManipulaciÃ³n de carga, almacenamiento y depÃ³sito
A;84335100100B;101621885.50737426;"Autopropulsadas // --Cosechadoras-trilladoras // -Las demás máquinas y aparatos de cosechar; máquinas y aparatos de trillar: // MÁQUINAS, APARATOS Y ARTEFACTOS DE COSECHAR OTRILLAR, INCLUIDAS LAS PRENSAS PARA PAJA O FORRAJE; CORTADORAS DE CESPED Y GUADAÑ";Agricultura, ganaderÃ­a, caza y silvicultura
K_74;84335100100B;0.1926257282792792;"Autopropulsadas // --Cosechadoras-trilladoras // -Las demás máquinas y aparatos de cosechar; máquinas y aparatos de trillar: // MÁQUINAS, APARATOS Y ARTEFACTOS DE COSECHAR OTRILLAR, INCLUIDAS LAS PRENSAS PARA PAJA O FORRAJE; CORTADORAS DE CESPED Y GUADAÑ";Servicios jurÃ­dicos contables y otros servicios a empresas (sin minerÃ­a)
K_73;84335100100B;1.82503505090621e-08;"Autopropulsadas // --Cosechadoras-trilladoras // -Las demás máquinas y aparatos de cosechar; máquinas y aparatos de trillar: // MÁQUINAS, APARATOS Y ARTEFACTOS DE COSECHAR OTRILLAR, INCLUIDAS LAS PRENSAS PARA PAJA O FORRAJE; CORTADORAS DE CESPED Y GUADAÑ";InvestigaciÃ³n y desarrollo
K_71;84335100100B;7.0762940090651e-13;"Autopropulsadas // --Cosechadoras-trilladoras // -Las demás máquinas y aparatos de cosechar; máquinas y aparatos de trillar: // MÁQUINAS, APARATOS Y ARTEFACTOS DE COSECHAR OTRILLAR, INCLUIDAS LAS PRENSAS PARA PAJA O FORRAJE; CORTADORAS DE CESPED Y GUADAÑ";Alquiler de equipo de transporte y de maquinaria
F;84295900900F;54629940.807164766;Las dem?s // Las dem?s // --Las demás // -Palas mecánicas, excavadoras, cargadoras y palas cargadoras: // TOPADORAS FRONTALES («BULLDOZERS»), TOPADORAS ANGULARES («ANGLEDOZERS»), NIVELADORAS, TRAÍLLAS(«SCRAPERS»), PALAS MECÁNICAS, EXCAVADORAS, CARGADORAS;ConstrucciÃ³n
G;84295900900F;25631859.27468204;Las dem?s // Las dem?s // --Las demás // -Palas mecánicas, excavadoras, cargadoras y palas cargadoras: // TOPADORAS FRONTALES («BULLDOZERS»), TOPADORAS ANGULARES («ANGLEDOZERS»), NIVELADORAS, TRAÍLLAS(«SCRAPERS»), PALAS MECÁNICAS, EXCAVADORAS, CARGADORAS;Comercio al por mayor y al por menor
D_29;84295900900F;9401215.152477685;Las dem?s // Las dem?s // --Las demás // -Palas mecánicas, excavadoras, cargadoras y palas cargadoras: // TOPADORAS FRONTALES («BULLDOZERS»), TOPADORAS ANGULARES («ANGLEDOZERS»), NIVELADORAS, TRAÍLLAS(«SCRAPERS»), PALAS MECÁNICAS, EXCAVADORAS, CARGADORAS;Maquinaria y equipo
C_14;84295900900F;8018023.751605641;Las dem?s // Las dem?s // --Las demás // -Palas mecánicas, excavadoras, cargadoras y palas cargadoras: // TOPADORAS FRONTALES («BULLDOZERS»), TOPADORAS ANGULARES («ANGLEDOZERS»), NIVELADORAS, TRAÍLLAS(«SCRAPERS»), PALAS MECÁNICAS, EXCAVADORAS, CARGADORAS;Explotacion de otras minas y canteras
CONS;84295900900F;3943940.047567018;Las dem?s // Las dem?s // --Las demás // -Palas mecánicas, excavadoras, cargadoras y palas cargadoras: // TOPADORAS FRONTALES («BULLDOZERS»), TOPADORAS ANGULARES («ANGLEDOZERS»), NIVELADORAS, TRAÍLLAS(«SCRAPERS»), PALAS MECÁNICAS, EXCAVADORAS, CARGADORAS;Consumo
F;84295219000B;57377696.561358586;Las dem?s // Las dem?s // Excavadoras // --Máquinas cuya superestructura pueda girar 360° // -Palas mecánicas, excavadoras, cargadoras y palas cargadoras: // TOPADORAS FRONTALES («BULLDOZERS»), TOPADORAS ANGULARES («ANGLEDOZERS»), NIVELADORAS, TRAÍLLAS(«;ConstrucciÃ³n
C_14;84295219000B;21642731.893127065;Las dem?s // Las dem?s // Excavadoras // --Máquinas cuya superestructura pueda girar 360° // -Palas mecánicas, excavadoras, cargadoras y palas cargadoras: // TOPADORAS FRONTALES («BULLDOZERS»), TOPADORAS ANGULARES («ANGLEDOZERS»), NIVELADORAS, TRAÍLLAS(«;Explotacion de otras minas y canteras
G;84295219000B;21622974.511845898;Las dem?s // Las dem?s // Excavadoras // --Máquinas cuya superestructura pueda girar 360° // -Palas mecánicas, excavadoras, cargadoras y palas cargadoras: // TOPADORAS FRONTALES («BULLDOZERS»), TOPADORAS ANGULARES («ANGLEDOZERS»), NIVELADORAS, TRAÍLLAS(«;Comercio al por mayor y al por menor
K_71;84295219000B;18062102.051680762;Las dem?s // Las dem?s // Excavadoras // --Máquinas cuya superestructura pueda girar 360° // -Palas mecánicas, excavadoras, cargadoras y palas cargadoras: // TOPADORAS FRONTALES («BULLDOZERS»), TOPADORAS ANGULARES («ANGLEDOZERS»), NIVELADORAS, TRAÍLLAS(«;Alquiler de equipo de transporte y de maquinaria
CONS;84295219000B;17812021.209984202;Las dem?s // Las dem?s // Excavadoras // --Máquinas cuya superestructura pueda girar 360° // -Palas mecánicas, excavadoras, cargadoras y palas cargadoras: // TOPADORAS FRONTALES («BULLDOZERS»), TOPADORAS ANGULARES («ANGLEDOZERS»), NIVELADORAS, TRAÍLLAS(«;Consumo
F;84295199000T;38590433.58238529;Las dem?s // Las dem?s // Las demás // --Cargadoras y palas cargadoras de carga frontal // -Palas mecánicas, excavadoras, cargadoras y palas cargadoras: // TOPADORAS FRONTALES («BULLDOZERS»), TOPADORAS ANGULARES («ANGLEDOZERS»), NIVELADORAS, TRAÍLLAS(«SC;ConstrucciÃ³n
G;84295199000T;28852700.602416765;Las dem?s // Las dem?s // Las demás // --Cargadoras y palas cargadoras de carga frontal // -Palas mecánicas, excavadoras, cargadoras y palas cargadoras: // TOPADORAS FRONTALES («BULLDOZERS»), TOPADORAS ANGULARES («ANGLEDOZERS»), NIVELADORAS, TRAÍLLAS(«SC;Comercio al por mayor y al por menor
D_29;84295199000T;22857480.952187225;Las dem?s // Las dem?s // Las demás // --Cargadoras y palas cargadoras de carga frontal // -Palas mecánicas, excavadoras, cargadoras y palas cargadoras: // TOPADORAS FRONTALES («BULLDOZERS»), TOPADORAS ANGULARES («ANGLEDOZERS»), NIVELADORAS, TRAÍLLAS(«SC;Maquinaria y equipo
C_14;84295199000T;22009202.202402186;Las dem?s // Las dem?s // Las demás // --Cargadoras y palas cargadoras de carga frontal // -Palas mecánicas, excavadoras, cargadoras y palas cargadoras: // TOPADORAS FRONTALES («BULLDOZERS»), TOPADORAS ANGULARES («ANGLEDOZERS»), NIVELADORAS, TRAÍLLAS(«SC;Explotacion de otras minas y canteras
C_13;84295199000T;16416046.561247857;Las dem?s // Las dem?s // Las demás // --Cargadoras y palas cargadoras de carga frontal // -Palas mecánicas, excavadoras, cargadoras y palas cargadoras: // TOPADORAS FRONTALES («BULLDOZERS»), TOPADORAS ANGULARES («ANGLEDOZERS»), NIVELADORAS, TRAÍLLAS(«SC;Extraccion de minerales metaliferos
F;84294000000K;41122694.056396484;-Compactadoras y apisonadoras (aplanadoras) // TOPADORAS FRONTALES («BULLDOZERS»), TOPADORAS ANGULARES («ANGLEDOZERS»), NIVELADORAS, TRAÍLLAS(«SCRAPERS»), PALAS MECÁNICAS, EXCAVADORAS, CARGADORAS, PALAS CARGADORAS, COMPACTADORAS YAPISONADORAS (APLANADORA;ConstrucciÃ³n
G;84294000000K;8825276.541089516;-Compactadoras y apisonadoras (aplanadoras) // TOPADORAS FRONTALES («BULLDOZERS»), TOPADORAS ANGULARES («ANGLEDOZERS»), NIVELADORAS, TRAÍLLAS(«SCRAPERS»), PALAS MECÁNICAS, EXCAVADORAS, CARGADORAS, PALAS CARGADORAS, COMPACTADORAS YAPISONADORAS (APLANADORA;Comercio al por mayor y al por menor
CONS;84294000000K;7451190.912810585;-Compactadoras y apisonadoras (aplanadoras) // TOPADORAS FRONTALES («BULLDOZERS»), TOPADORAS ANGULARES («ANGLEDOZERS»), NIVELADORAS, TRAÍLLAS(«SCRAPERS»), PALAS MECÁNICAS, EXCAVADORAS, CARGADORAS, PALAS CARGADORAS, COMPACTADORAS YAPISONADORAS (APLANADORA;Consumo
D_29;84294000000K;2349166.945119172;-Compactadoras y apisonadoras (aplanadoras) // TOPADORAS FRONTALES («BULLDOZERS»), TOPADORAS ANGULARES («ANGLEDOZERS»), NIVELADORAS, TRAÍLLAS(«SCRAPERS»), PALAS MECÁNICAS, EXCAVADORAS, CARGADORAS, PALAS CARGADORAS, COMPACTADORAS YAPISONADORAS (APLANADORA;Maquinaria y equipo
L;84294000000K;1404831.7771885798;-Compactadoras y apisonadoras (aplanadoras) // TOPADORAS FRONTALES («BULLDOZERS»), TOPADORAS ANGULARES («ANGLEDOZERS»), NIVELADORAS, TRAÍLLAS(«SCRAPERS»), PALAS MECÁNICAS, EXCAVADORAS, CARGADORAS, PALAS CARGADORAS, COMPACTADORAS YAPISONADORAS (APLANADORA;AdministraciÃ³n pÃºblica y defensa
L;84292090000V;38837396.23285437;Las dem?s // Las dem?s // -Niveladoras // TOPADORAS FRONTALES («BULLDOZERS»), TOPADORAS ANGULARES («ANGLEDOZERS»), NIVELADORAS, TRAÍLLAS(«SCRAPERS»), PALAS MECÁNICAS, EXCAVADORAS, CARGADORAS, PALAS CARGADORAS, COMPACTADORAS YAPISONADORAS (APLANADORAS), A;AdministraciÃ³n pÃºblica y defensa
CONS;84292090000V;29291548.47043039;Las dem?s // Las dem?s // -Niveladoras // TOPADORAS FRONTALES («BULLDOZERS»), TOPADORAS ANGULARES («ANGLEDOZERS»), NIVELADORAS, TRAÍLLAS(«SCRAPERS»), PALAS MECÁNICAS, EXCAVADORAS, CARGADORAS, PALAS CARGADORAS, COMPACTADORAS YAPISONADORAS (APLANADORAS), A;Consumo
G;84292090000V;23010516.457432013;Las dem?s // Las dem?s // -Niveladoras // TOPADORAS FRONTALES («BULLDOZERS»), TOPADORAS ANGULARES («ANGLEDOZERS»), NIVELADORAS, TRAÍLLAS(«SCRAPERS»), PALAS MECÁNICAS, EXCAVADORAS, CARGADORAS, PALAS CARGADORAS, COMPACTADORAS YAPISONADORAS (APLANADORAS), A;Comercio al por mayor y al por menor
D_29;84292090000V;9067749.134686213;Las dem?s // Las dem?s // -Niveladoras // TOPADORAS FRONTALES («BULLDOZERS»), TOPADORAS ANGULARES («ANGLEDOZERS»), NIVELADORAS, TRAÍLLAS(«SCRAPERS»), PALAS MECÁNICAS, EXCAVADORAS, CARGADORAS, PALAS CARGADORAS, COMPACTADORAS YAPISONADORAS (APLANADORAS), A;Maquinaria y equipo
F;84292090000V;8779792.247201832;Las dem?s // Las dem?s // -Niveladoras // TOPADORAS FRONTALES («BULLDOZERS»), TOPADORAS ANGULARES («ANGLEDOZERS»), NIVELADORAS, TRAÍLLAS(«SCRAPERS»), PALAS MECÁNICAS, EXCAVADORAS, CARGADORAS, PALAS CARGADORAS, COMPACTADORAS YAPISONADORAS (APLANADORAS), A;ConstrucciÃ³n
G;84289090900Z;23083704.1143727;Los dem?s // Los dem?s // Los demás // -Las demás máquinas y aparatos // LAS DEMÁS MÁQUINAS Y APARATOS DE ELEVACIÓN, CARGA, DESCARGA O MANIPULACIÓN (POR EJEMPLO:ASCENSORES, ESCALERAS MECÁNICAS, TRANSPORTADORES,TELÉFERICOS).;Comercio al por mayor y al por menor
D_34;84289090900Z;18359559.864982888;Los dem?s // Los dem?s // Los demás // -Las demás máquinas y aparatos // LAS DEMÁS MÁQUINAS Y APARATOS DE ELEVACIÓN, CARGA, DESCARGA O MANIPULACIÓN (POR EJEMPLO:ASCENSORES, ESCALERAS MECÁNICAS, TRANSPORTADORES,TELÉFERICOS).;Automotores
D_26;84289090900Z;12109694.666322496;Los dem?s // Los dem?s // Los demás // -Las demás máquinas y aparatos // LAS DEMÁS MÁQUINAS Y APARATOS DE ELEVACIÓN, CARGA, DESCARGA O MANIPULACIÓN (POR EJEMPLO:ASCENSORES, ESCALERAS MECÁNICAS, TRANSPORTADORES,TELÉFERICOS).;Otros minerales no metÃ¡licos
CONS;84289090900Z;10898867.3567674;Los dem?s // Los dem?s // Los demás // -Las demás máquinas y aparatos // LAS DEMÁS MÁQUINAS Y APARATOS DE ELEVACIÓN, CARGA, DESCARGA O MANIPULACIÓN (POR EJEMPLO:ASCENSORES, ESCALERAS MECÁNICAS, TRANSPORTADORES,TELÉFERICOS).;Consumo
D_15;84289090900Z;9563898.181637665;Los dem?s // Los dem?s // Los demás // -Las demás máquinas y aparatos // LAS DEMÁS MÁQUINAS Y APARATOS DE ELEVACIÓN, CARGA, DESCARGA O MANIPULACIÓN (POR EJEMPLO:ASCENSORES, ESCALERAS MECÁNICAS, TRANSPORTADORES,TELÉFERICOS).;Alimentos
G;84219999000X;25767716.68614368;"Las dem?s // Las dem?s // Las demás // --Las demás // -Partes: // CENTRIFUGADORAS, INCLUIDAS LAS SECADORAS CENTRÍFUGAS; APARATOS PARA FILTRAR O DEPURAR LÍQUIDOS O GASES.";Comercio al por mayor y al por menor
D_34;84219999000X;14666918.401188133;"Las dem?s // Las dem?s // Las demás // --Las demás // -Partes: // CENTRIFUGADORAS, INCLUIDAS LAS SECADORAS CENTRÍFUGAS; APARATOS PARA FILTRAR O DEPURAR LÍQUIDOS O GASES.";Automotores
E;84219999000X;3407304.134590571;"Las dem?s // Las dem?s // Las demás // --Las demás // -Partes: // CENTRIFUGADORAS, INCLUIDAS LAS SECADORAS CENTRÍFUGAS; APARATOS PARA FILTRAR O DEPURAR LÍQUIDOS O GASES.";Suministro de electricidad, gas y agua
K_74;84219999000X;2895853.3700505444;"Las dem?s // Las dem?s // Las demás // --Las demás // -Partes: // CENTRIFUGADORAS, INCLUIDAS LAS SECADORAS CENTRÍFUGAS; APARATOS PARA FILTRAR O DEPURAR LÍQUIDOS O GASES.";Servicios jurÃ­dicos contables y otros servicios a empresas (sin minerÃ­a)
D_15;84219999000X;2690335.4175039968;"Las dem?s // Las dem?s // Las demás // --Las demás // -Partes: // CENTRIFUGADORAS, INCLUIDAS LAS SECADORAS CENTRÍFUGAS; APARATOS PARA FILTRAR O DEPURAR LÍQUIDOS O GASES.";Alimentos
D_29;84143011000A;74124119.43361816;"Con capacidad inferior a 4.700 frigor?as/h // Motocompresores herméticos // -Compresores de los tipos utilizados en los  equipos frigoríficos // BOMBAS DE AIRE O DE VACÍO, COMPRESORES DE AIRE UOTROS GASES Y VENTILADORES; CAMPANASASPIRANTES PARA EXTRACCIÓ";Maquinaria y equipo
G;84143011000A;7253817.816516116;"Con capacidad inferior a 4.700 frigor?as/h // Motocompresores herméticos // -Compresores de los tipos utilizados en los  equipos frigoríficos // BOMBAS DE AIRE O DE VACÍO, COMPRESORES DE AIRE UOTROS GASES Y VENTILADORES; CAMPANASASPIRANTES PARA EXTRACCIÓ";Comercio al por mayor y al por menor
CONS;84143011000A;5948437.883844009;"Con capacidad inferior a 4.700 frigor?as/h // Motocompresores herméticos // -Compresores de los tipos utilizados en los  equipos frigoríficos // BOMBAS DE AIRE O DE VACÍO, COMPRESORES DE AIRE UOTROS GASES Y VENTILADORES; CAMPANASASPIRANTES PARA EXTRACCIÓ";Consumo
D_32;84143011000A;2971124.495402875;"Con capacidad inferior a 4.700 frigor?as/h // Motocompresores herméticos // -Compresores de los tipos utilizados en los  equipos frigoríficos // BOMBAS DE AIRE O DE VACÍO, COMPRESORES DE AIRE UOTROS GASES Y VENTILADORES; CAMPANASASPIRANTES PARA EXTRACCIÓ";Radio y televisiÃ³n
D_36;84143011000A;2626143.5110644433;"Con capacidad inferior a 4.700 frigor?as/h // Motocompresores herméticos // -Compresores de los tipos utilizados en los  equipos frigoríficos // BOMBAS DE AIRE O DE VACÍO, COMPRESORES DE AIRE UOTROS GASES Y VENTILADORES; CAMPANASASPIRANTES PARA EXTRACCIÓ";Muebles
G;73269090900X;26039817.737822376;Las demás // Las demás // -Las demás // LAS DEMÁS MANUFACTURAS DE HIERRO O ACERO.;Comercio al por mayor y al por menor
D_34;73269090900X;23839025.929849833;Las demás // Las demás // -Las demás // LAS DEMÁS MANUFACTURAS DE HIERRO O ACERO.;Automotores
E;73269090900X;16608768.82805025;Las demás // Las demás // -Las demás // LAS DEMÁS MANUFACTURAS DE HIERRO O ACERO.;Suministro de electricidad, gas y agua
D_28;73269090900X;16115272.24490503;Las demás // Las demás // -Las demás // LAS DEMÁS MANUFACTURAS DE HIERRO O ACERO.;Otros productos de metal
C_11;73269090900X;11771801.787617756;Las demás // Las demás // -Las demás // LAS DEMÁS MANUFACTURAS DE HIERRO O ACERO.;Extraccion de petroleo crudo y gas natural
G;49019900990A;40745543.1391987;Los demás // Los demás // --Los demás // -Los demás: // LIBROS, FOLLETOS E IMPRESOS SIMILARES, INCLUSO ENHOJAS SUELTAS.;Comercio al por mayor y al por menor
D_22;49019900990A;17599432.55081733;Los demás // Los demás // --Los demás // -Los demás: // LIBROS, FOLLETOS E IMPRESOS SIMILARES, INCLUSO ENHOJAS SUELTAS.;EdiciÃ³n
O;49019900990A;3283124.8130025733;Los demás // Los demás // --Los demás // -Los demás: // LIBROS, FOLLETOS E IMPRESOS SIMILARES, INCLUSO ENHOJAS SUELTAS.;Otras actividades de servicios comunitarios, sociales y personales
CONS;49019900990A;3078897.63661217;Los demás // Los demás // --Los demás // -Los demás: // LIBROS, FOLLETOS E IMPRESOS SIMILARES, INCLUSO ENHOJAS SUELTAS.;Consumo
H_552;49019900990A;730253.0233867759;Los demás // Los demás // --Los demás // -Los demás: // LIBROS, FOLLETOS E IMPRESOS SIMILARES, INCLUSO ENHOJAS SUELTAS.;Servicios de expendio de comidas y bebidas
G;39269090999A;42328306.9944551;Las demás // Las demás // Las demás // Las demás // -Las demás // LAS DEMÁS MANUFACTURAS DE PLÁSTICO Y MANUFACTURASDE LAS DEMÁS MATERIAS DE LAS PARTIDAS 39.01 A 39.14.;Comercio al por mayor y al por menor
CONS;39269090999A;25665562.84052731;Las demás // Las demás // Las demás // Las demás // -Las demás // LAS DEMÁS MANUFACTURAS DE PLÁSTICO Y MANUFACTURASDE LAS DEMÁS MATERIAS DE LAS PARTIDAS 39.01 A 39.14.;Consumo
D_28;39269090999A;6229005.423656347;Las demás // Las demás // Las demás // Las demás // -Las demás // LAS DEMÁS MANUFACTURAS DE PLÁSTICO Y MANUFACTURASDE LAS DEMÁS MATERIAS DE LAS PARTIDAS 39.01 A 39.14.;Otros productos de metal
K_74;39269090999A;5431117.463551463;Las demás // Las demás // Las demás // Las demás // -Las demás // LAS DEMÁS MANUFACTURAS DE PLÁSTICO Y MANUFACTURASDE LAS DEMÁS MATERIAS DE LAS PARTIDAS 39.01 A 39.14.;Servicios jurÃ­dicos contables y otros servicios a empresas (sin minerÃ­a)
D_29;39269090999A;4346023.821088051;Las demás // Las demás // Las demás // Las demás // -Las demás // LAS DEMÁS MANUFACTURAS DE PLÁSTICO Y MANUFACTURASDE LAS DEMÁS MATERIAS DE LAS PARTIDAS 39.01 A 39.14.;Maquinaria y equipo
