cuit,sd,valor_pond,NOMBRE,desc
33508358259,A,111998023.58531745,CERVECERIA Y MALTERIA QUILMES SAICA Y G,"Agricultura, ganadería, caza y silvicultura"
30500548041,A,16684194.613777844,GRUPO PE?AFLOR SA,"Agricultura, ganadería, caza y silvicultura"
30503508725,A,208410359.86754233,MONSANTO ARGENTINA SRL,"Agricultura, ganadería, caza y silvicultura"
30589527115,A,26692567.54747944,RED SURCOS S.A.,"Agricultura, ganadería, caza y silvicultura"
30708806958,A,15045931.78,ROTAM DE ARGENTINA AGROQUIMICA SRL,"Agricultura, ganadería, caza y silvicultura"
30707783229,A,30525899.882894307,SUMMIT AGRO ARGENTINA S A,"Agricultura, ganadería, caza y silvicultura"
30503811061,A,144608800.38640288,BAYER SOCIEDAD ANONIMA,"Agricultura, ganadería, caza y silvicultura"
30686529289,A,35920063.81,ADAMA ARGENTINA SOCIEDAD ANONIMA,"Agricultura, ganadería, caza y silvicultura"
30569723023,A,19121802.38,PIONEER ARGENTINA SRL,"Agricultura, ganadería, caza y silvicultura"
30548083156,A,79437693.52375181,COTO CENTRO INTEGRAL DE COMERCIALIZACION SOCIEDAD,"Agricultura, ganadería, caza y silvicultura"
30708688149,B,790846.0455889427,ARMADORA SAN JORGE SOCIEDAD ANONIMA,Pesca
30577856598,B,3130564.4454809735,CONARPESA CONTINENTAL ARMADORES DE PESCA SOCIEDAD,Pesca
30504310473,B,642903.6344867619,JOSE MOSCUZZA Y CIA SA,Pesca
30624460444,B,2149562.21,CARPE SCHEIDER Y CIA SA,Pesca
30708615052,B,1150133.52,KA ARGENTINA S. A,Pesca
30700911264,B,1202400.6700000002,HAFELE ARGENTINA S A,Pesca
30625390636,B,1916302.843985636,ARGENOVA SOCIEDAD ANONIMA,Pesca
30707007148,B,2164886.2,SAN ARAWA S.A.U.,Pesca
30714667625,B,747303.4400000001,WINTRADE S.A.,Pesca
30620827653,B,633654.2779727258,EMPESUR SOCIEDAD ANONIMA,Pesca
30503610988,C,42735515.85,HALLIBURTON ARGENTINA SOCIEDAD DE RESPONSABILIDAD,Explotación de minas y canteras
30663301744,C,40645057.28,MINERA ALUMBRERA LIMITED,Explotación de minas y canteras
30690766600,C,43000168.14101926,JOHNSON MATTHEY ARGENTINA S A,Explotación de minas y canteras
30647739314,C,26410522.200000003,ENAP SIPETROL ARGENTINA S.A. - Y.P.F.  S.A.  - UNI,Explotación de minas y canteras
30569719344,C,16630488.499999998,TOTAL AUSTRAL SOCIEDAD ANONIMA SUCURSAL ARGENTINA,Explotación de minas y canteras
30682347194,C,49806541.0,MINERA ANDINA DEL SOL SRL,Explotación de minas y canteras
30642796069,C,17892102.61,MINERA DEL ALTIPLANO S A,Explotación de minas y canteras
30546689979,C,160775547.1620036,YPF SOCIEDAD ANONIMA,Explotación de minas y canteras
30526552659,C,36643754.54200132,PAMPA ENERGIA S A,Explotación de minas y canteras
30526598780,C,15519931.687330643,SCHLUMBERGER ARGENTINA SOCIEDAD ANONIMA,Explotación de minas y canteras
30662071680,CONS,33451781.48,GENERAL MOTORS DE ARGENTINA SOCIEDAD DE RESPONSABI,Consumo
30606542506,CONS,35709422.39,BRIHET E HIJOS SA,Consumo
30500089624,CONS,8044585.920000001,SA LA NACION,Consumo
33527019759,CONS,4875948.03,PENGUIN RANDOM HOUSE GRUPO EDITORIAL S.A.,Consumo
30678155469,CONS,5853710.11,NIKE ARGENTINA SRL,Consumo
30693435842,CONS,5423840.71,PERCHET ARGENTINA SAU,Consumo
33679139369,CONS,6482833.57,TOYOTA ARGENTINA S A,Consumo
30504744538,CONS,8886010.97,PEUGEOT CITROEN ARGENTINA SOCIEDAD ANONIMA,Consumo
30577546777,CONS,4538979.779999999,HONDA MOTOR DE ARGENTINA SOCIEDAD ANONIMA,Consumo
33709483779,CONS,5800260.47,SUOLA S A,Consumo
30700869918,D_15,130146737.72193082,BUNGE ARGENTINA S A,Alimentos
30506792165,D_15,63574997.29000001,CARGILL SOCIEDAD ANONIMA COMERCIAL E INDUSTRIAL,Alimentos
30501126965,D_15,98825172.02,DU PONT ARGENTINA SOCIEDAD DE RESPONSABILIDAD LIMI,Alimentos
30526712729,D_15,104182768.10213178,LDC ARGENTINA S.A.,Alimentos
30507950848,D_15,74593043.08,MOLINO CA?UELAS SOCIEDAD ANONIMA COMERCIAL INDUSTR,Alimentos
30658313335,D_15,71867610.46000001,FERRERO ARGENTINA  S A,Alimentos
30502793175,D_15,105118869.48061804,ARCOR S A I C,Alimentos
30500542620,D_15,69257589.1,MONDELEZ ARGENTINA SOCIEDAD ANONIMA,Alimentos
30500959629,D_15,220301360.99012598,VICENTIN S.A.I.C.,Alimentos
30546764040,D_15,122710028.48,NESTLE ARGENTINA S A,Alimentos
33500606989,D_16,65347388.42323653,MASSALIN PARTICULARES SRL,Tabaco
30501112662,D_16,15972589.54,BRITISH AMERICAN TOBACCO ARGENTINA SAICYF,Tabaco
30677421548,D_16,24179284.26,TABACALERA SARANDI S.A.,Tabaco
30646465962,D_16,1092210.1199999999,APOLLO SRL,Tabaco
30646402227,D_16,731926.08,TRITHON S A,Tabaco
30715514520,D_16,2160779.0,ASICS ARGENTINA SRL,Tabaco
30587479407,D_16,1080643.3437791138,CERRO NEVADO SOCIEDAD ANONIMA,Tabaco
30646297083,D_16,747909.4297706138,FIAMMA IMPORTADORA S R L,Tabaco
33714458529,D_16,649415.3300000001,ACG ARGENTINA S.R.L.,Tabaco
30607572948,D_16,2465685.6909558293,CTM COOPERATIVA AGROINDUSTRIAL DE MISIONES LTDA,Tabaco
30685140221,D_17,44035356.62,ADIDAS ARGENTINA S A,Productos textiles
30639169088,D_17,43249407.78889522,LA EMILIA S A,Productos textiles
30526712729,D_17,65521266.99786825,LDC ARGENTINA S.A.,Productos textiles
30587397478,D_17,44904816.16,AUSTRALTEX SOCIEDAD ANONIMA,Productos textiles
30709724912,D_17,21386408.400000002,BIOGEN  (ARGENTINA) S R L,Productos textiles
30597188710,D_17,30335800.92,MANUFACTURA DE FIBRAS SINTETICAS SA,Productos textiles
30709472271,D_17,23042828.27,COTEMINAS ARGENTINA SOCIEDAD ANONIMA,Productos textiles
30711160163,D_17,18111815.5,CHS DE ARGENTINA S.A.,Productos textiles
30500959629,D_17,17944338.599826887,VICENTIN S.A.I.C.,Productos textiles
30618820455,D_17,28679750.39,VICUNHA ARGENTINA SA,Productos textiles
30677291083,D_18,7433085.680000001,CHEEK SOCIEDAD ANONIMA,Confecciones
33712109659,D_18,7108826.000652216,ICONO TEX  S.R.L.,Confecciones
30640843329,D_18,6691943.49,SCANDINAVIAN OUTDOORS S.A.,Confecciones
30712356185,D_18,4962606.335111432,LEAVE IT S.A,Confecciones
30695404111,D_18,5746063.12,SIPCAM ARGENTINA S.R.L.,Confecciones
30691215446,D_18,103016505.66,BRASKEM ARGENTINA SA,Confecciones
30504170981,D_18,11800179.09,VESUVIO SA C I F I,Confecciones
30710079680,D_18,6058428.965322544,BE ENTERPRISES S.A.,Confecciones
30593229064,D_18,4292921.7,VESTIDITOS  S A,Confecciones
30693476859,D_18,5522716.418467492,MAVI TEXTIL SA,Confecciones
30641105909,D_19,41887856.92,DASS SUAREZ S.A,Cuero
30710083661,D_19,37352928.97980777,DASS ELDORADO SRL,Cuero
30500525327,D_19,27058233.13,TOPPER ARGENTINA S.A.,Cuero
33709483779,D_19,14863083.68,SUOLA S A,Cuero
30573011879,D_19,26930219.262114424,DISTRINANDO S A,Cuero
34557619099,D_19,24116969.32,PUMA SPORTS ARGENTINA SA,Cuero
30693435842,D_19,37397790.89,PERCHET ARGENTINA SAU,Cuero
30710904053,D_19,12333304.680000002,TECNOSPORT LATINOAMERICANA S.A.,Cuero
30707450394,D_19,11788709.351884272,CALZADOS BLANCO S.A.,Cuero
30500781293,D_19,29451139.2,GRIMOLDI SOCIEDAD ANONIMA,Cuero
33563240119,D_20,18738990.837781128,ARAUCO ARGENTINA S.A,Madera
30703158311,D_20,4433392.125355265,CORCHOS DE ARGENTINA SOCIEDAD ANONIMA,Madera
30656553711,D_20,16579179.440000001,EGGER  ARGENTINA  S A U,Madera
30691732629,D_20,3839945.32,SADEPAN LATINOAMERICANA SA,Madera
30535621159,D_20,60586173.269999996,BOEHRINGER INGELHEIM S A,Madera
20223812733,D_20,3819062.68,ZATEL ADRIAN RAMON,Madera
30683009195,D_20,3010536.291602857,DISTRIBUIDORA PLACASUR SA,Madera
30535601719,D_20,12998864.867856666,COMPA?IA PAPELERA SARANDI S A I C I I Y A,Madera
20219689854,D_20,7055855.58,CHIUSAROLI IGNACIO PEDRO,Madera
30696029535,D_20,2799901.3000000003,ENCHAPADORA SAN JUAN S H DE NICOLAS JAVIER Y ARIEL,Madera
30633217803,D_21,17134273.26,GRAVENT S A,Papel
33707121829,D_21,18222526.27,CELUPAPER S A,Papel
30516336885,D_21,37953820.209689565,STENFAR S.A. INDUSTRIAL COMERCIAL IMP. Y EXP.,Papel
30621482099,D_21,26878088.89,AVERY DENNISON DE ARGENTINA SRL,Papel
30609607935,D_21,19043136.416994527,KIMBERLY-CLARK ARGENTINA SOCIEDAD ANONIMA,Papel
30663418579,D_21,20630906.93,SMURFIT KAPPA DE ARGENTINA SOCIEDAD ANONIMA,Papel
30501036672,D_21,61941602.00137181,LA PAPELERA DEL PLATA S A,Papel
30615265450,D_21,265776054.92,PROCTER & GAMBLE ARGENTINA SRL,Papel
30586733334,D_21,100706898.60939571,CARTOCOR SOCIEDAD ANONIMA,Papel
30655275998,D_21,39935994.08922591,PAPELERA SAMSENG SA,Papel
33578212219,D_22,8574079.33,INSTITUTO DE PUBLICACIONES Y ESTADISTICAS S A C I,Edición
30500425004,D_22,10581927.21,GUEDIKIAN IMPRESORES S A,Edición
30500217274,D_22,6713424.319999999,RAMON CHOZAS S A,Edición
33500426859,D_22,5970916.2,ARTES GRAFICAS RIOPLATENSE SOCIEDAD ANONIMA,Edición
30529994393,D_22,23761497.2407766,3 M ARGENTINA SACIFIA,Edición
30680682085,D_22,6527961.37,HM. CLAUSE ARGENTINA S.A.,Edición
30549547288,D_22,11448860.06,ANSELMO L MORVILLO S A,Edición
30546676974,D_22,16991262.05256427,SOCIEDAD DEL ESTADO CASA DE MONEDA,Edición
30504231581,D_22,5456919.540050169,RICOH ARGENTINA SA,Edición
30500439617,D_22,15725735.75,ESTABLECIMIENTO GRAFICO IMPRESORES SA,Edición
30710548168,D_23,7556725.985126994,WAKEFIELD ARGENTINA S. A.,Productos de petróleo
30554496101,D_23,13600028.820731146,TOTAL ESPECIALIDADES ARGENTINA SOCIEDAD ANONIMA,Productos de petróleo
30546689979,D_23,328406841.3047959,YPF SOCIEDAD ANONIMA,Productos de petróleo
30506726804,D_23,549135325.8109629,RAIZEN ARGENTINA S.A.U.,Productos de petróleo
30658233692,D_23,13148176.51,REFINERIA DEL NORTE S A,Productos de petróleo
30506919009,D_23,521732078.13,AXION ENERGY ARGENTINA SA,Productos de petróleo
30526552659,D_23,118975902.20451647,PAMPA ENERGIA S A,Productos de petróleo
30707778209,D_23,8536699.523281675,NYNAS ARGENTINA S.A,Productos de petróleo
30695542476,D_23,6330756.847057138,"PAN AMERICAN ENERGY, S.L.,  SUCURSAL ARGENTINA",Productos de petróleo
30707086854,D_23,11100779.305880535,PETRONAS LUBRICANTS ARGENTINA S A,Productos de petróleo
30636021578,D_24,126025722.55477889,CORTEVA AGRISCIENCE ARGENTINA SRL,Productos químicos
30500987185,D_24,144409282.84,GADOR S A,Productos químicos
30700869918,D_24,133959972.07806918,BUNGE ARGENTINA S A,Productos químicos
30560254195,D_24,118496156.15,PBBPOLISUR SOCIEDAD DE RESPONSABILIDAD LIMITADA,Productos químicos
30501092696,D_24,168955415.41,UNILEVER DE ARGENTINA S A,Productos químicos
30646328450,D_24,248788297.03803962,SYNGENTA AGRO SOCIEDAD ANONIMA,Productos químicos
30517486678,D_24,180807776.24,BASF ARGENTINA S A,Productos químicos
30710265212,D_24,156214289.30062115,DAK AMERICAS ARGENTINA SOCIEDAD ANONIMA,Productos químicos
30516620397,D_24,154975140.9690643,NOVARTIS ARGENTINA S A,Productos químicos
30503518518,D_24,146347493.3788921,PFIZER SOCIEDAD DE  RESPONSABILIDAD LIMITADA,Productos químicos
30601933795,D_25,25533650.689999998,SABIC INNOVATIVE PLASTICS ARGENTINA S.R.L.,Productos de caucho y plástico
33502232539,D_25,119360922.81977178,PIRELLI NEUMATICOS SOCIEDAD ANONIMA INDUSTRIAL Y C,Productos de caucho y plástico
30647990238,D_25,50035783.7,PLASWAG SA S. A.,Productos de caucho y plástico
30501090782,D_25,39621349.0560043,NEUMATICOS GOODYEAR S R L,Productos de caucho y plástico
30500315683,D_25,146105597.06,BRIDGESTONE  ARGENTINA SOCIEDAD ANONIMA INDUSTRIAL,Productos de caucho y plástico
30589123286,D_25,104911601.97892469,TETRA PAK S.R.L.,Productos de caucho y plástico
30584722513,D_25,70019651.17,RIO CHICO S A,Productos de caucho y plástico
30606301959,D_25,92626749.32,ALTA PLASTICA SA,Productos de caucho y plástico
30500842586,D_25,75665227.7673789,FATE SAICI,Productos de caucho y plástico
30592199544,D_25,20549536.501819618,SCHNEIDER ELECTRIC ARGENTINA SOCIEDAD ANONIMA,Productos de caucho y plástico
30500530851,D_26,14725988.150949886,LOMA NEGRA CIA INDUSTRIAL ARGENTINA SA,Otros minerales no metálicos
30505026310,D_26,10481234.491319774,REFRACTARIOS ARGENTINOS SAICM,Otros minerales no metálicos
30526047792,D_26,20953059.85216727,CEMENTOS AVELLANEDA S A,Otros minerales no metálicos
30501010053,D_26,10115808.957974859,CANTERAS CERRO NEGRO SA,Otros minerales no metálicos
30500529071,D_26,26047809.68,SAINT-GOBAIN ARGENTINA SA,Otros minerales no metálicos
30501111127,D_26,13832922.728725465,HOLCIM (ARGENTINA) SA,Otros minerales no metálicos
30541739056,D_26,12498642.270000001,CATTORINI HNOS S A I C F E I,Otros minerales no metálicos
30502174904,D_26,28643325.900000002,PILKINGTON AUTOMOTIVE ARGENTINA SOCIEDAD ANONIMA,Otros minerales no metálicos
30500527230,D_26,40087136.74,PHILIPS ARGENTINA SOCIEDAD ANONIMA,Otros minerales no metálicos
30501028629,D_26,8699005.36,TYROLIT ARGENTINA S A,Otros minerales no metálicos
30522780606,D_27,185314497.5406034,ALUAR ALUMINIO ARGENTINO SOCIEDAD ANONIMA INDUSTRI,Metales comunes
30550815997,D_27,152121801.1643178,SIDERCA S A I C,Metales comunes
30516888241,D_27,958881255.3199999,TERNIUM ARGENTINA S A,Metales comunes
30607451369,D_27,13153665.05918607,SIAT SOCIEDAD ANONIMA,Metales comunes
30615368292,D_27,30230724.830000002,SIDERSA SA,Metales comunes
30503245988,D_27,129578191.37,SIPAR ACEROS S.A.,Metales comunes
30708484160,D_27,11547206.58,GENZYME DE ARGENTINA S.A.,Metales comunes
30501199253,D_27,206321322.63,ACINDAR INDUSTRIA ARGENTINA DE ACEROS S A,Metales comunes
30541795762,D_27,25635808.78,APERAM STAINLESS SERVICES & SOLUTIONS ARGENTINA S,Metales comunes
30642799580,D_27,27947500.84,OUTOKUMPU FORTINOX S A,Metales comunes
30546676974,D_28,15742650.177435726,SOCIEDAD DEL ESTADO CASA DE MONEDA,Otros productos de metal
30678154926,D_28,45740028.17999999,BALL ENVASES DE ALUMINIO S.A.,Otros productos de metal
30517128194,D_28,91086585.82522358,FERROSIDER SA,Otros productos de metal
30525479591,D_28,20134864.208354678,S K F ARGENTINA S A,Otros productos de metal
30693456963,D_28,41830636.589999996,PETROIL PETROLEO Y DERIVADOS SA,Otros productos de metal
30707339531,D_28,15299499.02,ENERGIZER ARGENTINA SA,Otros productos de metal
30554258693,D_28,15126364.73540965,PROPATO HNOS. S.A.I.C.,Otros productos de metal
30538068841,D_28,38334035.173331216,FAMIQ S.R.L.,Otros productos de metal
30693286553,D_28,114189980.7,NOVO NORDISK PHARMA ARGENTINA S A,Otros productos de metal
33710947479,D_28,49343292.51,GONVARRI ARGENTINA S.A.,Otros productos de metal
30503858327,D_29,46771820.103426665,AGCO ARGENTINA SOCIEDAD ANONIMA,Maquinaria y equipo
30596970156,D_29,26626434.669999998,FRIMETAL S A,Maquinaria y equipo
30585895268,D_29,66621119.77644626,CNH INDUSTRIAL ARGENTINA S.A.,Maquinaria y equipo
30525479591,D_29,40241058.662565336,S K F ARGENTINA S A,Maquinaria y equipo
30503720236,D_29,122923618.47084413,INDUSTRIAS JOHN DEERE ARGENTINA S A,Maquinaria y equipo
30503612891,D_29,78402877.0394733,B G H S A,Maquinaria y equipo
30710779054,D_29,52398595.023260415,IATEC S.A. (INDUSTRIA AUSTRAL DE TECNOLOGIA S.A.),Maquinaria y equipo
30516877223,D_29,23910488.597158715,LILIANA S R L,Maquinaria y equipo
30502680478,D_29,29296992.799999997,JOSE M ALLADIO E HIJOS S A,Maquinaria y equipo
30655534462,D_29,50290315.65,VISUAR S.A.,Maquinaria y equipo
30540732988,D_29_30_31_32_33,2432273.072026322,ELDEN S.A,D_29_30_31_32_33
30679211222,D_29_30_31_32_33,3817683.13,TERCOM S R L,D_29_30_31_32_33
30710265417,D_29_30_31_32_33,2617601.87,RENO ARGENTINA SA,D_29_30_31_32_33
30677018816,D_29_30_31_32_33,595154.52,GUERRINI NEUMATICOS S.A.,D_29_30_31_32_33
30540938322,D_29_30_31_32_33,2266476.11,LAS COLONIAS  DISTRIBUCIONES S. A.,D_29_30_31_32_33
20110165529,D_29_30_31_32_33,605070.7999999999,LARA HUGO OMAR,D_29_30_31_32_33
30568004945,D_29_30_31_32_33,742457.401441784,IMPLECOR S A,D_29_30_31_32_33
30711562385,D_29_30_31_32_33,5021795.42,NOVO CONCEPTO S.A.,D_29_30_31_32_33
30698914277,D_29_30_31_32_33,1169879.8372385232,GALANDER S A,D_29_30_31_32_33
30569964810,D_29_30_31_32_33,1119442.94,ARTSANA ARGENTINA SOCIEDAD ANONIMA,D_29_30_31_32_33
30579607552,D_30,15386544.925211266,EXO SA,Maquinaria de oficina
30540088213,D_30,11980248.264730554,GARBARINO S A,Maquinaria de oficina
30612238355,D_30,11601257.005224021,STYLUS SOCIEDAD ANONIMA,Maquinaria de oficina
30710624697,D_30,9597479.14,PC RETAIL SA,Maquinaria de oficina
30709752118,D_30,10725168.66779566,FAG SISTEMS S.A.,Maquinaria de oficina
30710105770,D_30,23669819.31,JUKEBOX S.A.,Maquinaria de oficina
30570135585,D_30,23131035.049999997,AIR S.R.L.,Maquinaria de oficina
30708602309,D_30,19431379.687828958,PC-ARTS ARGENTINA S.A.,Maquinaria de oficina
30651655516,D_30,24984368.107287083,ELIT S A,Maquinaria de oficina
30709332445,D_30,8880462.768086951,GRUPO NUCLEO S.A.,Maquinaria de oficina
30502414719,D_31,44258335.69899131,PRYSMIAN ENERGIA CABLES Y SISTEMAS DE ARGENTINA SO,Aparatos eléctricos
30709453250,D_31,12797188.770735482,SOLNIK S.A.,Aparatos eléctricos
30669160662,D_31,22215857.273679983,WEG EQUIPAMIENTOS ELECTRICOS SA,Aparatos eléctricos
30503738739,D_31,13775159.741805531,TADEO CZERWENY SA,Aparatos eléctricos
30691323958,D_31,29540030.402549427,BATERIAS MOURA DE ARGENTINA SA,Aparatos eléctricos
30681530327,D_31,30272479.0,FINNING SOLUCIONES MINERAS SA,Aparatos eléctricos
30500914277,D_31,16216542.572253024,LEDVANCE S A,Aparatos eléctricos
30502304913,D_31,35607226.4917501,INDUSTRIA METALURGICA SUD AMERICANA I M S A S A C,Aparatos eléctricos
30502829730,D_31,19183808.32134448,CIMET S A,Aparatos eléctricos
33585510489,D_31,32412674.700000003,MARLEW S.A.,Aparatos eléctricos
30597066763,D_32,16398537.60543753,FAMAR FUEGUINA SA,Radio y televisión
30708574798,D_32,158135502.07999998,BRIGHTSTAR FUEGUINA  SA,Radio y televisión
30593208563,D_32,8503854.72,AUDIVIC S A,Radio y televisión
30710779054,D_32,391196523.83320266,IATEC S.A. (INDUSTRIA AUSTRAL DE TECNOLOGIA S.A.),Radio y televisión
30642617555,D_32,231036917.78,NEWSAN SOCIEDAD ANONIMA,Radio y televisión
30710418302,D_32,15612977.321246138,TECNOSUR S.A.,Radio y televisión
30584811982,D_32,77446763.71338694,RADIO VICTORIA  ARGENTINA SOCIEDAD ANONIMA,Radio y televisión
30612843151,D_32,76112591.7893382,ELECTROFUEGUINA SA,Radio y televisión
30591287334,D_32,140161189.23999998,FABRICA AUSTRAL DE PRODUCTOS ELECTRICOS SOCIEDAD A,Radio y televisión
30616849863,D_32,29803450.070000004,AMBASSADOR FUEGUINA SA,Radio y televisión
30700473658,D_33,10327327.356254496,BECTON DICKINSON ARGENTINA S R L,Instrumentos médicos
30620216298,D_33,10800649.28,PORTOBIANCO SA,Instrumentos médicos
30710983107,D_33,3494026.1599999997,CACIC SPORTS VISION S.R.L.,Instrumentos médicos
30710811160,D_33,4892397.17,BRAKU S.A.,Instrumentos médicos
30700834979,D_33,78938005.13,TRAFIGURA ARGENTINA SA,Instrumentos médicos
30708192445,D_33,4609123.38,MANUCHAR ARGENTINA S.A.,Instrumentos médicos
30587524348,D_33,4592790.7,GASEI SA,Instrumentos médicos
30663934690,D_33,3243907.0885621277,D C D PRODUCTS SRL,Instrumentos médicos
30709762636,D_33,3797131.2000000007,MADELON SA,Instrumentos médicos
20271532483,D_33,4406114.2884640535,RIOS DIEGO MARTIN,Instrumentos médicos
33679139369,D_34,1505391048.48,TOYOTA ARGENTINA S A,Automotores
30504018845,D_34,962955879.51,VOLKSWAGEN ARGENTINA S A,Automotores
30678519681,D_34,795209350.26,FORD ARGENTINA SOCIEDAD EN COMANDITA POR ACCIONES,Automotores
30577546777,D_34,281864708.719443,HONDA MOTOR DE ARGENTINA SOCIEDAD ANONIMA,Automotores
30662071680,D_34,501046684.66,GENERAL MOTORS DE ARGENTINA SOCIEDAD DE RESPONSABI,Automotores
30503317814,D_34,325579455.38,RENAULT ARGENTINA S.A,Automotores
30502987360,D_34,395320808.35,MERCEDES-BENZ ARGENTINA S.A.U,Automotores
30682450963,D_34,234373628.77,FCA AUTOMOBILES ARGENTINA S A,Automotores
30585895268,D_34,222509578.69355375,CNH INDUSTRIAL ARGENTINA S.A.,Automotores
30504744538,D_34,356468827.07,PEUGEOT CITROEN ARGENTINA SOCIEDAD ANONIMA,Automotores
30553566602,D_35,22063970.576953482,DAL SANTO IND Y COM S A,Otros equipo de transporte
30710277334,D_35,73310881.64,CORVEN MOTORS ARGENTINA S.A.,Otros equipo de transporte
30687234754,D_35,82743394.23151895,YAMAHA MOTOR ARGENTINA SA,Otros equipo de transporte
30676870403,D_35,16884003.7,PAGODA S A,Otros equipo de transporte
30577546777,D_35,39691336.191462524,HONDA MOTOR DE ARGENTINA SOCIEDAD ANONIMA,Otros equipo de transporte
30685849751,D_35,26110159.25,DIA ARGENTINA S A,Otros equipo de transporte
30639169088,D_35,15866295.73110478,LA EMILIA S A,Otros equipo de transporte
30502498572,D_35,53645075.37,ZANELLA HNOS Y CIA S A,Otros equipo de transporte
20064725395,D_35,20725215.13,SUCESION DE KARABITIAN CARLOS,Otros equipo de transporte
30701007561,D_35,26491164.919999998,GILERA MOTORS ARGENTINA S A,Otros equipo de transporte
30516369600,D_36,12705154.49,DIMAGRAF S A C I F,Muebles
30707975020,D_36,7133595.94,SOLUTION BOX S.R.L.,Muebles
30537647198,D_36,7500835.693634586,A W FABER CASTELL ARGENTINA S A,Muebles
30515772436,D_36,6746807.744439974,BIC ARGENTINA SOCIEDAD ANONIMA,Muebles
30559161949,D_36,5659140.609999999,CURITIBA SOCIEDAD DE RESPONSABILIDAD LIMITADA,Muebles
30568557464,D_36,9569896.73139184,MARTIN CAVA S A,Muebles
30516150641,D_36,11135439.5,VOLVO TRUCKS Y BUSES  ARGENTINA S.A.,Muebles
30707290575,D_36,6257944.78,TUPPERWARE BRANDS ARGENTINA S.A,Muebles
30714826871,D_36,10574318.780000001,FRUTAS DEL CONOSUR SRL,Muebles
30707822429,D_36,22018607.96,DSM NUTRITIONAL PRODUCTS ARGENTINA S A,Muebles
30505008401,D_37,2415408.7959605837,CABELMA SOCIEDAD ANONIMA,Reciclamiento de desperdicios y desechos
30687276996,D_37,3180558.97,SOLENIS ARGENTINA SA,Reciclamiento de desperdicios y desechos
30501036672,D_37,10075347.768628193,LA PAPELERA DEL PLATA S A,Reciclamiento de desperdicios y desechos
30500834087,D_37,23545333.56094757,VIDRIERIA ARGENTINA SOCIEDAD ANONIMA,Reciclamiento de desperdicios y desechos
30500966137,D_37,2027774.8438377893,SOTYL SOCIEDAD ANONIMA,Reciclamiento de desperdicios y desechos
33678133979,D_37,1303875.299454857,BENITO ROGGIO E HIJOS SA -TECSAN INGENIERIA AMBIEN,Reciclamiento de desperdicios y desechos
30687242498,D_37,1398301.01,SCRAPSERVICE S A,Reciclamiento de desperdicios y desechos
30522918012,D_37,4125617.4499999997,BALSAMO SOCIEDAD ANONIMA,Reciclamiento de desperdicios y desechos
30683655836,D_37,2747976.4103531768,UMICORE ARGENTINA S.A.,Reciclamiento de desperdicios y desechos
33709635129,D_37,1389729.7846358565,SANTANA TEXTIL CHACO SA,Reciclamiento de desperdicios y desechos
30709099724,E,2394548569.15028,INTEGRACION ENERGETICA  ARGENTINA SOCIEDAD ANONIMA,"Suministro de electricidad, gas y agua"
30710025718,E,10892546.620589262,CENTRAL TERMICA LOMA DE LA LATA S A,"Suministro de electricidad, gas y agua"
30546689979,E,83289009.29573545,YPF SOCIEDAD ANONIMA,"Suministro de electricidad, gas y agua"
30522780606,E,92934985.49863602,ALUAR ALUMINIO ARGENTINO SOCIEDAD ANONIMA INDUSTRI,"Suministro de electricidad, gas y agua"
30663461113,E,55880341.28,AES ARGENTINA GENERACION SOCIEDAD ANONIMA,"Suministro de electricidad, gas y agua"
30715207970,E,14239980.4,ARAUCARIA ENERGY SA,"Suministro de electricidad, gas y agua"
30692243591,E,21487446.33918611,TERMOANDES S A,"Suministro de electricidad, gas y agua"
30999027489,E,11219892.690000001,EMPRESA PROVINCIAL DE ENERGIA DE   CORDOBA,"Suministro de electricidad, gas y agua"
30506726804,E,47559166.59903705,RAIZEN ARGENTINA S.A.U.,"Suministro de electricidad, gas y agua"
30550815997,E,27256744.595618725,SIDERCA S A I C,"Suministro de electricidad, gas y agua"
30707725857,F,18147979.54,WINNERS PRODUCTOS DEPORTIVOS S.A.,Construcción
30503612891,F,38491182.52595652,B G H S A,Construcción
30715197614,F,11435904.1,OSRAM S.A.,Construcción
30715526979,F,6776157.47,ANDRADE GUTIERREZ ENGENHARIA S.A. - TECNA ESTUDIOS,Construcción
30693148363,F,26317253.74,ZARA ARGENTINA S A,Construcción
30501598131,F,23155176.501557548,INDUSTRIAS JUAN F SECCO S A,Construcción
30503948164,F,24788326.012625393,ABB S.A.U.,Construcción
33714924619,F,10263843.078568723,SIGNIFY ARGENTINA S.A.,Construcción
30616556963,F,6962541.3100000005,DIFFUPAR SA,Construcción
30501345195,F,6286947.270095214,BARUGEL AZULAY Y CIA S A I C,Construcción
30662162589,H_551,760122.18,KOMETO DE SERGIO MARIO TAOI Y GABRIEL TAOI SOC. DE,"Servicios de alojamiento en hoteles, campamentos y otros tipos de hospedaje temporal"
30707604790,H_551,12525876.25,FORTALEIN S.A.,"Servicios de alojamiento en hoteles, campamentos y otros tipos de hospedaje temporal"
33504487119,H_551,494931.8161444204,EL TEHUELCHE SOCIEDAD ANONIMA COMERCIAL INDUSTRIAL,"Servicios de alojamiento en hoteles, campamentos y otros tipos de hospedaje temporal"
30698922229,H_551,836027.5000000001,DE LOS RIOS S R L,"Servicios de alojamiento en hoteles, campamentos y otros tipos de hospedaje temporal"
30708171588,H_551,1092501.98,CANDIL ILUMINACION S.R.L.,"Servicios de alojamiento en hoteles, campamentos y otros tipos de hospedaje temporal"
30529800114,H_551,837118.0900000001,ROLEX ARGENTINA SOCIEDAD ANONIMA,"Servicios de alojamiento en hoteles, campamentos y otros tipos de hospedaje temporal"
30708915900,H_551,4378773.40102004,POP COMPANY SOCIEDAD ANONIMA,"Servicios de alojamiento en hoteles, campamentos y otros tipos de hospedaje temporal"
30678622695,H_551,1170785.395004322,REFINERIA DE GRASAS SUDAMERICANA SA,"Servicios de alojamiento en hoteles, campamentos y otros tipos de hospedaje temporal"
30709783218,H_551,3360056.808000219,COMERCIAL TUCSON SA,"Servicios de alojamiento en hoteles, campamentos y otros tipos de hospedaje temporal"
30609661808,H_551,1479148.25,TODOMUSICA SA,"Servicios de alojamiento en hoteles, campamentos y otros tipos de hospedaje temporal"
30710040520,H_552,4298454.91,STARBUCKS COFFEE ARGENTINA SRL,Servicios de expendio de comidas y bebidas
30610252334,H_552,24803325.87,ARCOS DORADOS ARGENTINA SOCIEDAD ANONIMA,Servicios de expendio de comidas y bebidas
33575671239,H_552,2237505.32865111,POPPER SOCIEDAD ANONIMA,Servicios de expendio de comidas y bebidas
30714968633,H_552,13458532.57,SIEMENS HEALTHCARE S.A.,Servicios de expendio de comidas y bebidas
30687310434,H_552,30076316.660004247,INC  SOCIEDAD ANONIMA,Servicios de expendio de comidas y bebidas
30589621499,H_552,4535901.201087532,SUPERMERCADOS MAYORISTAS MAKRO SA,Servicios de expendio de comidas y bebidas
30711385130,H_552,7325803.93,AMN ADVANCED MEDICAL NUTRITION S.A.,Servicios de expendio de comidas y bebidas
30710060505,H_552,7267140.96,SOUTHAMERICAN TRENDY S.A.,Servicios de expendio de comidas y bebidas
30707474641,H_552,6740725.37,EMERGER FERTILIZANTES SOCIEDAD ANONIMA,Servicios de expendio de comidas y bebidas
30654936419,H_552,6060582.75,FAST FOOD SUDAMERICANA S A,Servicios de expendio de comidas y bebidas
30714416614,I_60,1224430.48,NARENA S.R.L.,Transporte ferroviario y automotor y por tuberias
30658840165,I_60,1680635.3599999999,OLEODUCTOS DEL VALLE SOCIEDAD ANONIMA,Transporte ferroviario y automotor y por tuberias
30545758314,I_60,2740131.7660085303,SUBTERRANEOS DE BUENOS AIRES SOCIEDAD DEL ESTADO,Transporte ferroviario y automotor y por tuberias
30679928879,I_60,2853948.1100000003,SONY ARGENTINA SA,Transporte ferroviario y automotor y por tuberias
30714416622,I_60,2887627.74,ATHAND S.R.L.,Transporte ferroviario y automotor y por tuberias
33712269559,I_60,1438339.1800000002,ANWES SOCIEDAD ANONIMA,Transporte ferroviario y automotor y por tuberias
30714386316,I_60,3217451.3899999997,ALPAGROUP SA,Transporte ferroviario y automotor y por tuberias
30605086183,I_60,10050335.00000586,LOS CIPRESES SA,Transporte ferroviario y automotor y por tuberias
30709099724,I_60,2119815.2097197985,INTEGRACION ENERGETICA  ARGENTINA SOCIEDAD ANONIMA,Transporte ferroviario y automotor y por tuberias
30519338706,I_60,5034318.149999999,FREUDENBERG S A TELAS SIN TEJER,Transporte ferroviario y automotor y por tuberias
30707596194,I_61,444820.51,ESPA ARGENTINA S.A.,Transporte marítimo y fluvial
30710601417,I_61,227734.54,BENABI SRL,Transporte marítimo y fluvial
30629309892,I_61,133034.76,EL CA?ADON S.R.L.,Transporte marítimo y fluvial
30635572287,I_61,228146.945025653,ANTARES NAVIERA SOCIEDAD ANONIMA,Transporte marítimo y fluvial
30707588965,I_61,242210.15,EMPRESA NAVIERA PETROLERA ATLANTICA S.A.,Transporte marítimo y fluvial
30697997071,I_61,266227.34,NATIONAL SHIPPING S.A.,Transporte marítimo y fluvial
30710600992,I_61,928353.61,FAYDI SA,Transporte marítimo y fluvial
30710601573,I_61,745357.47,JUNKO SRL,Transporte marítimo y fluvial
20122893384,I_61,78259.15999999999,GOMEZ HECTOR ALBERTO,Transporte marítimo y fluvial
30605086183,I_61,10050335.00000586,LOS CIPRESES SA,Transporte marítimo y fluvial
30641405554,I_62,297430.6207778637,AEROLINEAS ARGENTINAS SOCIEDAD ANONIMA,Transporte aéreo de cargas y de pasajeros
30711157936,I_62,498495.59,INCOQUIM S.A.,Transporte aéreo de cargas y de pasajeros
33656783589,I_62,1581171.5558445302,DIRECCION GRAL DE AVIACION CIVIL,Transporte aéreo de cargas y de pasajeros
30647359023,I_62,435145.82,INTERCHEMISTRY S A,Transporte aéreo de cargas y de pasajeros
30707472460,I_62,230254.44000000003,IPIPSA S.R.L.,Transporte aéreo de cargas y de pasajeros
30707542329,I_62,234679.74371021477,LAN ARGENTINA SOCIEDAD ANONIMA,Transporte aéreo de cargas y de pasajeros
30647360110,I_62,5210399.93,NOVUS ARGENTINA SA,Transporte aéreo de cargas y de pasajeros
30697294895,I_62,291741.28,HERMES ARGENTINA SRL,Transporte aéreo de cargas y de pasajeros
33710002059,I_62,1903613.64,AODA SOCIEDA ANONIMA,Transporte aéreo de cargas y de pasajeros
30715530712,I_62,282858.9,LAMBERTI ARGENTINA SRL,Transporte aéreo de cargas y de pasajeros
30690228234,I_63,3474032.0957882274,WORKHOUSE SERVICE SA,"Manipulación de carga, almacenamiento y depósito"
30708669071,I_63,2962908.75,MERCEDES POMPEYA S A,"Manipulación de carga, almacenamiento y depósito"
30679928879,I_63,3314517.8,SONY ARGENTINA SA,"Manipulación de carga, almacenamiento y depósito"
30710695993,I_63,132557649.52000001,ADMINISTRACION DE INFRAESTRUCTURAS FERROVIARIA SOC,"Manipulación de carga, almacenamiento y depósito"
30714101443,I_63,3265388.2323160055,BELGRANO CARGAS Y LOGISTICA SA,"Manipulación de carga, almacenamiento y depósito"
30678213094,I_63,8058144.49,GROUPE SEB ARGENTINA  S A,"Manipulación de carga, almacenamiento y depósito"
30676609241,I_63,5884111.08,UNIBELL ARGENTINA S A,"Manipulación de carga, almacenamiento y depósito"
30707239898,I_63,2688558.14,CALABED S. A.,"Manipulación de carga, almacenamiento y depósito"
30707570136,I_63,5721455.8,MAGNETI MARELLI REPUESTOS S.A,"Manipulación de carga, almacenamiento y depósito"
30663511315,I_63,2393679.04,HERBALIFE INTERNATIONAL ARGENTINA S A,"Manipulación de carga, almacenamiento y depósito"
30696428898,I_64,4045621.47,TELCOM VENTURES DE ARGENTINA SA,Correos y telecomunicaciones
30626747171,I_64,1657328.5722789117,CENTURYLINK ARGENTINA S.A,Correos y telecomunicaciones
30639453738,I_64,28950645.872607946,TELECOM ARGENTINA SOCIEDAD ANONIMA,Correos y telecomunicaciones
30640897267,I_64,91908252.72676452,TELECENTRO S A,Correos y telecomunicaciones
30611182526,I_64,2676421.225535268,SUPERCANAL S A,Correos y telecomunicaciones
30685889397,I_64,18377091.0005306,DIRECTV ARGENTINA SOCIEDAD ANONIMA,Correos y telecomunicaciones
30639453975,I_64,6118921.649406078,TELEFONICA DE ARGENTINA SA,Correos y telecomunicaciones
33695098419,I_64,4476354.45,TELMEX ARGENTINA SA,Correos y telecomunicaciones
30659794205,I_64,4591278.590000001,COTY ARGENTINA  SA,Correos y telecomunicaciones
30678814357,I_64,3131355.118046384,TELEFONICA MOVILES ARGENTINA SOCIEDAD ANONIMA,Correos y telecomunicaciones
30712002030,J,1973437.4648230355,EVONIK METILATOS S.A.,Intermediación financiera
30692258025,J,7442194.33,GUARDIAN DE ARGENTINA SRL,Intermediación financiera
30709986429,J,3335406.1800000006,FIDEICOMISO FINANCIERO DE OBRA GASODUCTO SUR 2006-,Intermediación financiera
33500005179,J,890276.23,BANCO SUPERVIELLE SOCIEDAD ANONIMA,Intermediación financiera
30650175170,J,917168.698236674,ACEROS ZAPLA S A,Intermediación financiera
30571421352,J,8313320.789999999,BANCO CREDICOOP COOPERATIVO LTDO,Intermediación financiera
30687194728,J,920016.4220340104,AUTONEUM ARGENTINA SA,Intermediación financiera
30574096215,J,3212034.36,HYUNDAI MOTOR ARGENTINA SA,Intermediación financiera
30709986453,J,65811102.279999994,FIDEICOMISO FINANCIERO DE OBRA GASODUCTO NORTE 200,Intermediación financiera
30504078996,J,4046379.3721338324,SOGEFI SUSPENSION ARGENTINA SA,Intermediación financiera
30679923753,K_70,5127024.069999999,GENERAL LIGHTING SYSTEMS SA,Servicios inmobiliarios
30611611575,K_70,4755136.33,TIBEX S A,Servicios inmobiliarios
30525514885,K_70,78333921.84,MICHELIN ARGENTINA SA IC Y F,Servicios inmobiliarios
30679928879,K_70,36100634.7,SONY ARGENTINA SA,Servicios inmobiliarios
30607451369,K_70,10946837.950813929,SIAT SOCIEDAD ANONIMA,Servicios inmobiliarios
30519242547,K_70,5968439.350000001,VICENTE URBA E HIJOS SOC DE HECHO DE JORGE Y NORBE,Servicios inmobiliarios
30656171827,K_70,7293358.580000001,ANGIOCOR SA,Servicios inmobiliarios
30519427008,K_70,3561779.0,WALD SA,Servicios inmobiliarios
30546689979,K_70,92469821.15746507,YPF SOCIEDAD ANONIMA,Servicios inmobiliarios
30501111127,K_70,4056090.0034905844,HOLCIM (ARGENTINA) SA,Servicios inmobiliarios
30578036071,K_71,27328100.206533574,MIRGOR SA C I F I A,Alquiler de equipo de transporte y de maquinaria
30711812489,K_71,52382369.04000001,FMC QUIMICA SOCIEDAD ANONIMA,Alquiler de equipo de transporte y de maquinaria
30590360763,K_71,38165810.53,CENCOSUD S A,Alquiler de equipo de transporte y de maquinaria
30655725829,K_71,52746755.70557308,FALABELLA  S A,Alquiler de equipo de transporte y de maquinaria
30663288497,K_71,36771010.43,AMX ARGENTINA SOCIEDAD ANONIMA,Alquiler de equipo de transporte y de maquinaria
30589123286,K_71,52161008.5342792,TETRA PAK S.R.L.,Alquiler de equipo de transporte y de maquinaria
30708484160,K_71,41452033.7,GENZYME DE ARGENTINA S.A.,Alquiler de equipo de transporte y de maquinaria
30707991115,K_71,73750964.13885386,TROPICAL ARGENTINA  S R L,Alquiler de equipo de transporte y de maquinaria
30655965005,K_71,33500929.110000003,DISTRIBUIDORA CUMMINS S A,Alquiler de equipo de transporte y de maquinaria
30647227119,K_71,26188927.084660828,FINNING ARGENTINA SOCIEDAD ANONIMA,Alquiler de equipo de transporte y de maquinaria
30503832565,K_72,75932168.92,MERCK S A,Actividades de informática
30609607935,K_72,54406764.41300547,KIMBERLY-CLARK ARGENTINA SOCIEDAD ANONIMA,Actividades de informática
30708192445,K_72,7642362.69,MANUCHAR ARGENTINA S.A.,Actividades de informática
30611163629,K_72,9553519.38,ROMIKIN  SAU,Actividades de informática
33714888469,K_72,9993128.83,AGROFRESH ARGENTINA S.R.L.,Actividades de informática
30686172577,K_72,8409497.596005129,WM ARGENTINA SOCIEDAD ANONIMA,Actividades de informática
30525309262,K_72,6750940.37,NCR ARGENTINA SOCIEDAD DE RESPONSABILIDAD LIMITADA,Actividades de informática
30503961268,K_72,10412346.31,IBM ARGENTINA SRL,Actividades de informática
30710174586,K_72,8594527.6,AGFA GRAPHICS ARGENTINA S.A.,Actividades de informática
33714230889,K_72,6538814.685222382,KODAK ALARIS S.A.I.C.,Actividades de informática
30707280480,K_73,4282245.03,LG ELECTRONICS ARGENTINA S.A.,Investigación y desarrollo
30503403079,K_73,83565173.63196245,MSD ARGENTINA S R L,Investigación y desarrollo
30707611479,K_73,3621821.53,IQVIA RDS ARGENTINA S.R.L.,Investigación y desarrollo
30701019268,K_73,9626194.642005542,CRODA ARGENTINA S A,Investigación y desarrollo
30501445416,K_73,64746257.80585731,SANOFI-AVENTIS ARGENTINA SOCIEDAD ANONIMA,Investigación y desarrollo
33590050569,K_73,4079967.702714444,SANOFI PASTEUR SA,Investigación y desarrollo
30713750103,K_73,1968671.8000000003,EMPRENDIMIENTOS JANUCA S.R.L.,Investigación y desarrollo
30710450516,K_73,1982734.9100000001,TEXTILES AMERICA LATINA S.A.,Investigación y desarrollo
30707285563,K_73,3572492.3599349307,LDC SEMILLAS S A,Investigación y desarrollo
30713998008,K_73,7416378.400000001,GLAM DISTRIBUCIONES S.R.L.,Investigación y desarrollo
30710634447,K_74,6171407.66,CONTINENTAL DO BRASIL PRODUTOS AUTOMOTIVOS LTDA.,Servicios jurídicos contables y otros servicios a empresas (sin minería)
30655373094,K_74,763171021.09,COMPA#IA ADMINIST DEL MERCADO MAYORISTA ELECTRICO,Servicios jurídicos contables y otros servicios a empresas (sin minería)
33518042799,K_74,3838243.23,CASTOROIL S A C I A F E I,Servicios jurídicos contables y otros servicios a empresas (sin minería)
30622531034,K_74,12332445.129999999,BIOTOSCANA FARMA S.A.,Servicios jurídicos contables y otros servicios a empresas (sin minería)
30693502965,K_74,1104086404.8500001,EMPRENDIMIENTOS ENERGETICOS BINACIONALES SOCIEDAD,Servicios jurídicos contables y otros servicios a empresas (sin minería)
30708648414,K_74,11840793.97,VISION 101 S.A.,Servicios jurídicos contables y otros servicios a empresas (sin minería)
30580156521,K_74,15491726.200000001,SCHAEFFLER ARGENTINA S.R.L,Servicios jurídicos contables y otros servicios a empresas (sin minería)
30714299898,K_74,4655199.26,COMERCIALIZADORA PP & DD SA,Servicios jurídicos contables y otros servicios a empresas (sin minería)
30707522778,K_74,8155223.91,SANDVIK MINING AND CONSTRUCTION ARGENTINA S.A.,Servicios jurídicos contables y otros servicios a empresas (sin minería)
30687329852,K_74,5704900.2,BOSTON SCIENTIFIC ARGENTINA S A,Servicios jurídicos contables y otros servicios a empresas (sin minería)
30682440003,K_99,4818893.058177588,IGARRETA MAQUINAS SA,Servicios de apoyo para la minería excepto para la extracción de petróleo y gas natual
30516174044,K_99,4859107.3100000005,SAINT-GOBAIN ABRASIVOS Y ADHESIVOS S.A.,Servicios de apoyo para la minería excepto para la extracción de petróleo y gas natual
30710187106,K_99,457578.563330802,ENAEX ARGENTINA S.R.L,Servicios de apoyo para la minería excepto para la extracción de petróleo y gas natual
30570044067,K_99,783889.140387876,GEARVEL S A I Y C,Servicios de apoyo para la minería excepto para la extracción de petróleo y gas natual
30709597228,K_99,2217023.66,ISEMAR S.A.,Servicios de apoyo para la minería excepto para la extracción de petróleo y gas natual
30691602628,K_99,1698849.5538718617,MORKEN S A,Servicios de apoyo para la minería excepto para la extracción de petróleo y gas natual
30679893064,K_99,410089.0215877255,MINA PIRQUITAS SA,Servicios de apoyo para la minería excepto para la extracción de petróleo y gas natual
30711554641,K_99,422425.81999999995,BENSAN SOCIEDAD DE RESPONSABILIDAD LIMITADA,Servicios de apoyo para la minería excepto para la extracción de petróleo y gas natual
30707505113,K_99,861464.8280180704,STOLLER ARGENTINA S A,Servicios de apoyo para la minería excepto para la extracción de petróleo y gas natual
30621160261,K_99,428807.21373258636,SERVET SOCIEDAD ANONIMA,Servicios de apoyo para la minería excepto para la extracción de petróleo y gas natual
30715127209,L,20642880.060000002,MINISTERIO DE TRANSPORTE,Administración pública y defensa
30707218912,L,1626745.67,RIJK ZWAAN ARGENTINA S.A.,Administración pública y defensa
30692219852,L,1359177.98,EDUGELI SA,Administración pública y defensa
30648839088,L,2684087.0,MINISTERIO DE SEGURIDAD -SEGURIDAD PROVINCIAL,Administración pública y defensa
30999256577,L,1574452.29,POLICIA DE LA PROVINCIA DE CORDOBA,Administración pública y defensa
30546694263,L,1768329.2,GENDARMERIA NACIONAL,Administración pública y defensa
30546694719,L,2594038.5,PREFECTURA NAVAL ARGENTINA,Administración pública y defensa
30546663422,L,112767761.22,MINISTERIO DE SALUD,Administración pública y defensa
30653216722,L,1133105.71,SACOMEX SA,Administración pública y defensa
30711655197,L,11362754.68,MINISTERIO DE SEGURIDAD,Administración pública y defensa
30501460423,M,46069606.4720701,L'OREAL ARGENTINA SOCIEDAD ANONIMA,Enseñanza
30609331190,M,2760794.476204451,KOMPUSUR S A,Enseñanza
30708368721,M,2078003.58,D.F.O. SRL,Enseñanza
30707608044,M,1704844.4700000002,GRUPO KF SRL,Enseñanza
30520142807,M,1752533.6,EDUARDO UDENIO Y COMPA?IA S A COM IND FIN E INMOB,Enseñanza
30596013399,M,3191348.776734792,FESTO S A,Enseñanza
30712372156,M,3230330.5,BIAMER SRL,Enseñanza
30546670623,M,1137410.48,UNIVERSIDAD NACIONAL DE CORDOBA,Enseñanza
33709954089,M,1259764.99,ASTURQUIM SRL,Enseñanza
30707607544,M,1680424.98,REALTEX S.A.,Enseñanza
30638975994,N,4959478.042043473,TECNOLAB S A,Servicios sociales y de salud
30707596356,N,8449392.75,ST.JUDE MEDICAL ARGENTINA S.A.,Servicios sociales y de salud
30714921335,N,23942216.11642616,ROCHE DIABETES CARE ARGENTINA SA,Servicios sociales y de salud
30527444280,N,276787791.44322,PRODUCTOS ROCHE S A QUIMICA E INDUSTRIAL,Servicios sociales y de salud
30522763922,N,20787819.65,INSTITUTO NACIONAL DE SERVICIOS SOCIALES PARA JUBI,Servicios sociales y de salud
30660042640,N,20619294.54520264,MEDTRONIC LATIN AMERICA INC,Servicios sociales y de salud
30615726547,N,15898350.307825558,GRUPO AGROS S.A.,Servicios sociales y de salud
30709772712,N,5315566.03,PCDA SA,Servicios sociales y de salud
30707086218,N,7990086.23,S.B.G. S.A,Servicios sociales y de salud
30708112034,N,4960394.68,PPD ARGENTINA SOCIEDAD ANONIMA,Servicios sociales y de salud
30707063897,O,1818133.5400000003,LONECO SA,"Otras actividades de servicios comunitarios, sociales y personales"
30715454579,O,2401903.9299999997,JUEGOS DE VIDEO ARGENTINA S.R.L.,"Otras actividades de servicios comunitarios, sociales y personales"
30687255492,O,8923573.9,PAPELES EUROPEOS S.A.,"Otras actividades de servicios comunitarios, sociales y personales"
30696154348,O,2073777.1531505527,ECOHABITAT S A,"Otras actividades de servicios comunitarios, sociales y personales"
30709572411,O,8310344.41,FUNDACION IBIS PARA LA INVESTIGACION DE HIV/SIDA,"Otras actividades de servicios comunitarios, sociales y personales"
30654861990,O,3022868.14,SOCIEDAD INTERNACIONAL  DE REPRESENTACIONES SA,"Otras actividades de servicios comunitarios, sociales y personales"
33710325109,O,5890118.99,LQNET SA,"Otras actividades de servicios comunitarios, sociales y personales"
30547789713,O,15687424.39,DOS SANTOS PEREIRA & CIA SA,"Otras actividades de servicios comunitarios, sociales y personales"
30707687173,O,2120772.95,AGRI CHECK SRL,"Otras actividades de servicios comunitarios, sociales y personales"
30714281972,O,1999359.4,ASHIRA S.A. - MARTIN Y MARTIN S.A. - UNION TRANSIT,"Otras actividades de servicios comunitarios, sociales y personales"
20077119370,P,221703.66999999998,BOTTI CARLOS ALBERTO,Actividades de hogares privados como empleadores y actividades no diferenciadas de hogares privados como productores
20215662234,P,188414.41999999998,PIRLES GUSTAVO JOSE,Actividades de hogares privados como empleadores y actividades no diferenciadas de hogares privados como productores
20214847117,P,158015.34,CASTREGE JUAN PABLO,Actividades de hogares privados como empleadores y actividades no diferenciadas de hogares privados como productores
27162633282,P,119762.48392816531,DUARTE RAQUEL,Actividades de hogares privados como empleadores y actividades no diferenciadas de hogares privados como productores
20077511742,P,87657.23000000001,HECIMOVIC JULIO JUAN,Actividades de hogares privados como empleadores y actividades no diferenciadas de hogares privados como productores
20217649065,P,365199.93,FERREYRO SEBASTIAN CESAR,Actividades de hogares privados como empleadores y actividades no diferenciadas de hogares privados como productores
20104704787,P,358255.21,RODRIGUEZ LUIS ALBERTO,Actividades de hogares privados como empleadores y actividades no diferenciadas de hogares privados como productores
20083681323,P,403471.0,MAZZA CARMELO,Actividades de hogares privados como empleadores y actividades no diferenciadas de hogares privados como productores
20261186471,P,2956240.8201469104,BOMBINO ALDO RAUL,Actividades de hogares privados como empleadores y actividades no diferenciadas de hogares privados como productores
20223812733,P,337439.92000000004,ZATEL ADRIAN RAMON,Actividades de hogares privados como empleadores y actividades no diferenciadas de hogares privados como productores
30687252663,Q,153305.65000000002,WALSA S A,Organizaciones y órganos extraterritoriales
30687257479,Q,1401385.0300000003,B M IMPORT S A,Organizaciones y órganos extraterritoriales
30687289753,Q,1507.5548806775453,PROYECCIONES DIGITALES S A,Organizaciones y órganos extraterritoriales
30687255492,Q,982183.0899999999,PAPELES EUROPEOS S.A.,Organizaciones y órganos extraterritoriales
30687282279,Q,882133.72,MARPOLO SA,Organizaciones y órganos extraterritoriales
30578587515,Q,70990.21791125751,LUCIO DI SANTO SA,Organizaciones y órganos extraterritoriales
30692221482,Q,6856.399999999999,BS AS SILVER PLATE SA,Organizaciones y órganos extraterritoriales
30685844636,Q,462.89,HAGRAF S A,Organizaciones y órganos extraterritoriales
