cuit,hs6_d12,valor_pond,hs6_d12_desc
30712311114,95045000100L,225841.44999999998,"Videoconsolas // -Videoconsolas y máquinas de videojuego, excepto las de la subpartida 9504.30 // VIDEOCONSOLAS Y MÁQUINAS DE VIDEOJUEGO, ARTÍCULOS PARA JUEGOS DE SOCIEDAD, INCLUIDOS LOS JUEGOS CON MOTOR O MECANISMO, BILLARES, MESAS ESPECIALES PARA JUEGO"
30715254774,95045000100L,210325.63999999998,"Videoconsolas // -Videoconsolas y máquinas de videojuego, excepto las de la subpartida 9504.30 // VIDEOCONSOLAS Y MÁQUINAS DE VIDEOJUEGO, ARTÍCULOS PARA JUEGOS DE SOCIEDAD, INCLUIDOS LOS JUEGOS CON MOTOR O MECANISMO, BILLARES, MESAS ESPECIALES PARA JUEGO"
33688512889,95045000100L,127846.91,"Videoconsolas // -Videoconsolas y máquinas de videojuego, excepto las de la subpartida 9504.30 // VIDEOCONSOLAS Y MÁQUINAS DE VIDEOJUEGO, ARTÍCULOS PARA JUEGOS DE SOCIEDAD, INCLUIDOS LOS JUEGOS CON MOTOR O MECANISMO, BILLARES, MESAS ESPECIALES PARA JUEGO"
30715454579,95045000100L,108505.7,"Videoconsolas // -Videoconsolas y máquinas de videojuego, excepto las de la subpartida 9504.30 // VIDEOCONSOLAS Y MÁQUINAS DE VIDEOJUEGO, ARTÍCULOS PARA JUEGOS DE SOCIEDAD, INCLUIDOS LOS JUEGOS CON MOTOR O MECANISMO, BILLARES, MESAS ESPECIALES PARA JUEGO"
30715357700,95045000100L,74838.01,"Videoconsolas // -Videoconsolas y máquinas de videojuego, excepto las de la subpartida 9504.30 // VIDEOCONSOLAS Y MÁQUINAS DE VIDEOJUEGO, ARTÍCULOS PARA JUEGOS DE SOCIEDAD, INCLUIDOS LOS JUEGOS CON MOTOR O MECANISMO, BILLARES, MESAS ESPECIALES PARA JUEGO"
30714416614,95045000100L,24486.26,"Videoconsolas // -Videoconsolas y máquinas de videojuego, excepto las de la subpartida 9504.30 // VIDEOCONSOLAS Y MÁQUINAS DE VIDEOJUEGO, ARTÍCULOS PARA JUEGOS DE SOCIEDAD, INCLUIDOS LOS JUEGOS CON MOTOR O MECANISMO, BILLARES, MESAS ESPECIALES PARA JUEGO"
30714851418,95045000100L,12728.32,"Videoconsolas // -Videoconsolas y máquinas de videojuego, excepto las de la subpartida 9504.30 // VIDEOCONSOLAS Y MÁQUINAS DE VIDEOJUEGO, ARTÍCULOS PARA JUEGOS DE SOCIEDAD, INCLUIDOS LOS JUEGOS CON MOTOR O MECANISMO, BILLARES, MESAS ESPECIALES PARA JUEGO"
30715313363,95045000100L,7197.23,"Videoconsolas // -Videoconsolas y máquinas de videojuego, excepto las de la subpartida 9504.30 // VIDEOCONSOLAS Y MÁQUINAS DE VIDEOJUEGO, ARTÍCULOS PARA JUEGOS DE SOCIEDAD, INCLUIDOS LOS JUEGOS CON MOTOR O MECANISMO, BILLARES, MESAS ESPECIALES PARA JUEGO"
30711769869,95045000100L,5244.54,"Videoconsolas // -Videoconsolas y máquinas de videojuego, excepto las de la subpartida 9504.30 // VIDEOCONSOLAS Y MÁQUINAS DE VIDEOJUEGO, ARTÍCULOS PARA JUEGOS DE SOCIEDAD, INCLUIDOS LOS JUEGOS CON MOTOR O MECANISMO, BILLARES, MESAS ESPECIALES PARA JUEGO"
30714673781,95045000100L,2886.7799999999997,"Videoconsolas // -Videoconsolas y máquinas de videojuego, excepto las de la subpartida 9504.30 // VIDEOCONSOLAS Y MÁQUINAS DE VIDEOJUEGO, ARTÍCULOS PARA JUEGOS DE SOCIEDAD, INCLUIDOS LOS JUEGOS CON MOTOR O MECANISMO, BILLARES, MESAS ESPECIALES PARA JUEGO"
30615207906,87032310990Y,21715.0,"Los demás // Los demás // Con capacidad para el transporte de personas   sentadas inferior o igual a 6, incluido el   conductor // --De cilindrada superior a 1.500 cm3 pero  inferior o igual a 3.000 cm3 // -Los demás vehículos con motor de émbolo (pistón"
30707892141,87032310990Y,15983.25,"Los demás // Los demás // Con capacidad para el transporte de personas   sentadas inferior o igual a 6, incluido el   conductor // --De cilindrada superior a 1.500 cm3 pero  inferior o igual a 3.000 cm3 // -Los demás vehículos con motor de émbolo (pistón"
20082662678,87032310990Y,14973.25,"Los demás // Los demás // Con capacidad para el transporte de personas   sentadas inferior o igual a 6, incluido el   conductor // --De cilindrada superior a 1.500 cm3 pero  inferior o igual a 3.000 cm3 // -Los demás vehículos con motor de émbolo (pistón"
30707892141,87032310290K,36915.5,"Los demás // De cilindrada superior a 2.000 cm3 pero      inferior o igual a 2.400 cm3 // Con capacidad para el transporte de personas   sentadas inferior o igual a 6, incluido el   conductor // --De cilindrada superior a 1.500 cm3 pero  inferior o igual"
30687796140,87032310290K,22110.0,"Los demás // De cilindrada superior a 2.000 cm3 pero      inferior o igual a 2.400 cm3 // Con capacidad para el transporte de personas   sentadas inferior o igual a 6, incluido el   conductor // --De cilindrada superior a 1.500 cm3 pero  inferior o igual"
20266954809,87032310290K,14341.999999999998,"Los demás // De cilindrada superior a 2.000 cm3 pero      inferior o igual a 2.400 cm3 // Con capacidad para el transporte de personas   sentadas inferior o igual a 6, incluido el   conductor // --De cilindrada superior a 1.500 cm3 pero  inferior o igual"
30710464177,87032310190E,225570.29,"Los demás // De cilindrada superior a 1.500 cm3 pero      inferior o igual a 2.000 cm3 // Con capacidad para el transporte de personas   sentadas inferior o igual a 6, incluido el   conductor // --De cilindrada superior a 1.500 cm3 pero  inferior o igual"
30504744538,87032210900G,121921.10999999999,"Los demás // Con capacidad para el transporte de personas   sentadas inferior o igual a 6, incluido el   conductor // --De cilindrada superior a 1.000 cm3 pero  inferior o igual a 1.500 cm3 // -Los demás vehículos con motor de émbolo (pistón) alternativo"
30628323603,87032210900G,109985.18999999996,"Los demás // Con capacidad para el transporte de personas   sentadas inferior o igual a 6, incluido el   conductor // --De cilindrada superior a 1.000 cm3 pero  inferior o igual a 1.500 cm3 // -Los demás vehículos con motor de émbolo (pistón) alternativo"
30712103813,87032210900G,38433.76,"Los demás // Con capacidad para el transporte de personas   sentadas inferior o igual a 6, incluido el   conductor // --De cilindrada superior a 1.000 cm3 pero  inferior o igual a 1.500 cm3 // -Los demás vehículos con motor de émbolo (pistón) alternativo"
30707535071,87032210900G,36212.0,"Los demás // Con capacidad para el transporte de personas   sentadas inferior o igual a 6, incluido el   conductor // --De cilindrada superior a 1.000 cm3 pero  inferior o igual a 1.500 cm3 // -Los demás vehículos con motor de émbolo (pistón) alternativo"
30707892141,87032210900G,34148.100000000006,"Los demás // Con capacidad para el transporte de personas   sentadas inferior o igual a 6, incluido el   conductor // --De cilindrada superior a 1.000 cm3 pero  inferior o igual a 1.500 cm3 // -Los demás vehículos con motor de émbolo (pistón) alternativo"
33679139369,87032210900G,32193.129999999997,"Los demás // Con capacidad para el transporte de personas   sentadas inferior o igual a 6, incluido el   conductor // --De cilindrada superior a 1.000 cm3 pero  inferior o igual a 1.500 cm3 // -Los demás vehículos con motor de émbolo (pistón) alternativo"
30710464177,87032210900G,24302.619999999995,"Los demás // Con capacidad para el transporte de personas   sentadas inferior o igual a 6, incluido el   conductor // --De cilindrada superior a 1.000 cm3 pero  inferior o igual a 1.500 cm3 // -Los demás vehículos con motor de émbolo (pistón) alternativo"
20165757743,87032210900G,16183.42,"Los demás // Con capacidad para el transporte de personas   sentadas inferior o igual a 6, incluido el   conductor // --De cilindrada superior a 1.000 cm3 pero  inferior o igual a 1.500 cm3 // -Los demás vehículos con motor de émbolo (pistón) alternativo"
30574096215,87032210900G,8952.71,"Los demás // Con capacidad para el transporte de personas   sentadas inferior o igual a 6, incluido el   conductor // --De cilindrada superior a 1.000 cm3 pero  inferior o igual a 1.500 cm3 // -Los demás vehículos con motor de émbolo (pistón) alternativo"
30712253319,87032100900K,2260757.81,"Los demás // --De cilindrada inferior o igual a 1.000 cm3 // -Los demás vehículos con motor de émbolo (pistón) alternativo, de encendido por chispa: // AUTOMÓVILES PARA TURISMO Y DEMÁS VEHÍCULOSAUTOMÓVILES CONCEBIDOS PRINCIPALMENTE PARAEL TRANSPORTE DE P"
30708661984,87032100900K,1028715.6600000001,"Los demás // --De cilindrada inferior o igual a 1.000 cm3 // -Los demás vehículos con motor de émbolo (pistón) alternativo, de encendido por chispa: // AUTOMÓVILES PARA TURISMO Y DEMÁS VEHÍCULOSAUTOMÓVILES CONCEBIDOS PRINCIPALMENTE PARAEL TRANSPORTE DE P"
30710369271,87032100900K,205288.17,"Los demás // --De cilindrada inferior o igual a 1.000 cm3 // -Los demás vehículos con motor de émbolo (pistón) alternativo, de encendido por chispa: // AUTOMÓVILES PARA TURISMO Y DEMÁS VEHÍCULOSAUTOMÓVILES CONCEBIDOS PRINCIPALMENTE PARAEL TRANSPORTE DE P"
30710027931,87032100900K,162446.85,"Los demás // --De cilindrada inferior o igual a 1.000 cm3 // -Los demás vehículos con motor de émbolo (pistón) alternativo, de encendido por chispa: // AUTOMÓVILES PARA TURISMO Y DEMÁS VEHÍCULOSAUTOMÓVILES CONCEBIDOS PRINCIPALMENTE PARAEL TRANSPORTE DE P"
30711836647,87032100900K,153454.94,"Los demás // --De cilindrada inferior o igual a 1.000 cm3 // -Los demás vehículos con motor de émbolo (pistón) alternativo, de encendido por chispa: // AUTOMÓVILES PARA TURISMO Y DEMÁS VEHÍCULOSAUTOMÓVILES CONCEBIDOS PRINCIPALMENTE PARAEL TRANSPORTE DE P"
33709345899,87032100900K,116497.45999999998,"Los demás // --De cilindrada inferior o igual a 1.000 cm3 // -Los demás vehículos con motor de émbolo (pistón) alternativo, de encendido por chispa: // AUTOMÓVILES PARA TURISMO Y DEMÁS VEHÍCULOSAUTOMÓVILES CONCEBIDOS PRINCIPALMENTE PARAEL TRANSPORTE DE P"
30708709103,87032100900K,54370.5,"Los demás // --De cilindrada inferior o igual a 1.000 cm3 // -Los demás vehículos con motor de émbolo (pistón) alternativo, de encendido por chispa: // AUTOMÓVILES PARA TURISMO Y DEMÁS VEHÍCULOSAUTOMÓVILES CONCEBIDOS PRINCIPALMENTE PARAEL TRANSPORTE DE P"
30712296808,87032100900K,36674.53,"Los demás // --De cilindrada inferior o igual a 1.000 cm3 // -Los demás vehículos con motor de émbolo (pistón) alternativo, de encendido por chispa: // AUTOMÓVILES PARA TURISMO Y DEMÁS VEHÍCULOSAUTOMÓVILES CONCEBIDOS PRINCIPALMENTE PARAEL TRANSPORTE DE P"
30710991177,87032100900K,33543.55000000001,"Los demás // --De cilindrada inferior o igual a 1.000 cm3 // -Los demás vehículos con motor de émbolo (pistón) alternativo, de encendido por chispa: // AUTOMÓVILES PARA TURISMO Y DEMÁS VEHÍCULOSAUTOMÓVILES CONCEBIDOS PRINCIPALMENTE PARAEL TRANSPORTE DE P"
30709289787,87032100900K,8844.000000000002,"Los demás // --De cilindrada inferior o igual a 1.000 cm3 // -Los demás vehículos con motor de émbolo (pistón) alternativo, de encendido por chispa: // AUTOMÓVILES PARA TURISMO Y DEMÁS VEHÍCULOSAUTOMÓVILES CONCEBIDOS PRINCIPALMENTE PARAEL TRANSPORTE DE P"
33714924619,85437099939Z,2137.46,"Las demás // Lámparas conformadas por diodos de        luz (""LEDs"") // Los demás // Los demás // Los demás // -Las demás máquinas y aparatos: // MÁQUINAS Y APARATOS ELECTRICOS CON FUNCION PROPIA, NO EXPRESADOS NI COMPRENDIDOS EN OTRA PARTE DE ESTE CAPÍTU"
33714210969,85437099939Z,623.66,"Las demás // Lámparas conformadas por diodos de        luz (""LEDs"") // Los demás // Los demás // Los demás // -Las demás máquinas y aparatos: // MÁQUINAS Y APARATOS ELECTRICOS CON FUNCION PROPIA, NO EXPRESADOS NI COMPRENDIDOS EN OTRA PARTE DE ESTE CAPÍTU"
33711490049,85437099939Z,270.72,"Las demás // Lámparas conformadas por diodos de        luz (""LEDs"") // Los demás // Los demás // Los demás // -Las demás máquinas y aparatos: // MÁQUINAS Y APARATOS ELECTRICOS CON FUNCION PROPIA, NO EXPRESADOS NI COMPRENDIDOS EN OTRA PARTE DE ESTE CAPÍTU"
33715668179,85437099939Z,94.69,"Las demás // Lámparas conformadas por diodos de        luz (""LEDs"") // Los demás // Los demás // Los demás // -Las demás máquinas y aparatos: // MÁQUINAS Y APARATOS ELECTRICOS CON FUNCION PROPIA, NO EXPRESADOS NI COMPRENDIDOS EN OTRA PARTE DE ESTE CAPÍTU"
33709418489,85437099939Z,90.9,"Las demás // Lámparas conformadas por diodos de        luz (""LEDs"") // Los demás // Los demás // Los demás // -Las demás máquinas y aparatos: // MÁQUINAS Y APARATOS ELECTRICOS CON FUNCION PROPIA, NO EXPRESADOS NI COMPRENDIDOS EN OTRA PARTE DE ESTE CAPÍTU"
33715349529,85437099939Z,61.170000000000016,"Las demás // Lámparas conformadas por diodos de        luz (""LEDs"") // Los demás // Los demás // Los demás // -Las demás máquinas y aparatos: // MÁQUINAS Y APARATOS ELECTRICOS CON FUNCION PROPIA, NO EXPRESADOS NI COMPRENDIDOS EN OTRA PARTE DE ESTE CAPÍTU"
33711106729,85437099939Z,37.67999999999999,"Las demás // Lámparas conformadas por diodos de        luz (""LEDs"") // Los demás // Los demás // Los demás // -Las demás máquinas y aparatos: // MÁQUINAS Y APARATOS ELECTRICOS CON FUNCION PROPIA, NO EXPRESADOS NI COMPRENDIDOS EN OTRA PARTE DE ESTE CAPÍTU"
33709180849,85437099939Z,22.71,"Las demás // Lámparas conformadas por diodos de        luz (""LEDs"") // Los demás // Los demás // Los demás // -Las demás máquinas y aparatos: // MÁQUINAS Y APARATOS ELECTRICOS CON FUNCION PROPIA, NO EXPRESADOS NI COMPRENDIDOS EN OTRA PARTE DE ESTE CAPÍTU"
33715182489,85437099939Z,13.2,"Las demás // Lámparas conformadas por diodos de        luz (""LEDs"") // Los demás // Los demás // Los demás // -Las demás máquinas y aparatos: // MÁQUINAS Y APARATOS ELECTRICOS CON FUNCION PROPIA, NO EXPRESADOS NI COMPRENDIDOS EN OTRA PARTE DE ESTE CAPÍTU"
33712336809,85437099939Z,4.0,"Las demás // Lámparas conformadas por diodos de        luz (""LEDs"") // Los demás // Los demás // Los demás // -Las demás máquinas y aparatos: // MÁQUINAS Y APARATOS ELECTRICOS CON FUNCION PROPIA, NO EXPRESADOS NI COMPRENDIDOS EN OTRA PARTE DE ESTE CAPÍTU"
33622362169,85177010000L,143396.53000000003,"Circuitos impresos con componentes eléctricos   o electrónicos montados // -Partes // TELEFONOS, INCLUIDOS LOS TELEFONOS CELULARES (MÓVILES)* Y LOS DE OTRAS REDES INALÁMBRICAS; LOS DEMÁS APARATOS DE EMISIÓN, TRANSMISIÓN O RECEPCIÓN DE VOZ, IMAGEN U OTROS"
33612621719,85177010000L,17346.28,"Circuitos impresos con componentes eléctricos   o electrónicos montados // -Partes // TELEFONOS, INCLUIDOS LOS TELEFONOS CELULARES (MÓVILES)* Y LOS DE OTRAS REDES INALÁMBRICAS; LOS DEMÁS APARATOS DE EMISIÓN, TRANSMISIÓN O RECEPCIÓN DE VOZ, IMAGEN U OTROS"
33696223829,85177010000L,9468.75,"Circuitos impresos con componentes eléctricos   o electrónicos montados // -Partes // TELEFONOS, INCLUIDOS LOS TELEFONOS CELULARES (MÓVILES)* Y LOS DE OTRAS REDES INALÁMBRICAS; LOS DEMÁS APARATOS DE EMISIÓN, TRANSMISIÓN O RECEPCIÓN DE VOZ, IMAGEN U OTROS"
33615831609,85177010000L,7162.32,"Circuitos impresos con componentes eléctricos   o electrónicos montados // -Partes // TELEFONOS, INCLUIDOS LOS TELEFONOS CELULARES (MÓVILES)* Y LOS DE OTRAS REDES INALÁMBRICAS; LOS DEMÁS APARATOS DE EMISIÓN, TRANSMISIÓN O RECEPCIÓN DE VOZ, IMAGEN U OTROS"
33506288059,85177010000L,6542.679999999999,"Circuitos impresos con componentes eléctricos   o electrónicos montados // -Partes // TELEFONOS, INCLUIDOS LOS TELEFONOS CELULARES (MÓVILES)* Y LOS DE OTRAS REDES INALÁMBRICAS; LOS DEMÁS APARATOS DE EMISIÓN, TRANSMISIÓN O RECEPCIÓN DE VOZ, IMAGEN U OTROS"
33707087639,85177010000L,4466.26,"Circuitos impresos con componentes eléctricos   o electrónicos montados // -Partes // TELEFONOS, INCLUIDOS LOS TELEFONOS CELULARES (MÓVILES)* Y LOS DE OTRAS REDES INALÁMBRICAS; LOS DEMÁS APARATOS DE EMISIÓN, TRANSMISIÓN O RECEPCIÓN DE VOZ, IMAGEN U OTROS"
33711015359,85177010000L,4415.16,"Circuitos impresos con componentes eléctricos   o electrónicos montados // -Partes // TELEFONOS, INCLUIDOS LOS TELEFONOS CELULARES (MÓVILES)* Y LOS DE OTRAS REDES INALÁMBRICAS; LOS DEMÁS APARATOS DE EMISIÓN, TRANSMISIÓN O RECEPCIÓN DE VOZ, IMAGEN U OTROS"
33685159649,85177010000L,4334.099999999999,"Circuitos impresos con componentes eléctricos   o electrónicos montados // -Partes // TELEFONOS, INCLUIDOS LOS TELEFONOS CELULARES (MÓVILES)* Y LOS DE OTRAS REDES INALÁMBRICAS; LOS DEMÁS APARATOS DE EMISIÓN, TRANSMISIÓN O RECEPCIÓN DE VOZ, IMAGEN U OTROS"
33688995529,85177010000L,843.4699999999999,"Circuitos impresos con componentes eléctricos   o electrónicos montados // -Partes // TELEFONOS, INCLUIDOS LOS TELEFONOS CELULARES (MÓVILES)* Y LOS DE OTRAS REDES INALÁMBRICAS; LOS DEMÁS APARATOS DE EMISIÓN, TRANSMISIÓN O RECEPCIÓN DE VOZ, IMAGEN U OTROS"
33714424829,85177010000L,399.40999999999997,"Circuitos impresos con componentes eléctricos   o electrónicos montados // -Partes // TELEFONOS, INCLUIDOS LOS TELEFONOS CELULARES (MÓVILES)* Y LOS DE OTRAS REDES INALÁMBRICAS; LOS DEMÁS APARATOS DE EMISIÓN, TRANSMISIÓN O RECEPCIÓN DE VOZ, IMAGEN U OTROS"
33714924619,85176299900R,674391.8400000001,"Los demás // Los demás // Los demás // --Aparatos para la recepción, conversión, emisión  y transmisión o regeneración de voz, imagen u  otros datos, incluidos los de conmutación y  encaminamiento («switching and routing  apparatus») // -Los demás aparat"
33711015359,85176299900R,64232.780000000006,"Los demás // Los demás // Los demás // --Aparatos para la recepción, conversión, emisión  y transmisión o regeneración de voz, imagen u  otros datos, incluidos los de conmutación y  encaminamiento («switching and routing  apparatus») // -Los demás aparat"
33707149049,85176299900R,44763.00000000001,"Los demás // Los demás // Los demás // --Aparatos para la recepción, conversión, emisión  y transmisión o regeneración de voz, imagen u  otros datos, incluidos los de conmutación y  encaminamiento («switching and routing  apparatus») // -Los demás aparat"
33709585229,85176299900R,40877.20999999999,"Los demás // Los demás // Los demás // --Aparatos para la recepción, conversión, emisión  y transmisión o regeneración de voz, imagen u  otros datos, incluidos los de conmutación y  encaminamiento («switching and routing  apparatus») // -Los demás aparat"
33709416869,85176299900R,30810.690000000006,"Los demás // Los demás // Los demás // --Aparatos para la recepción, conversión, emisión  y transmisión o regeneración de voz, imagen u  otros datos, incluidos los de conmutación y  encaminamiento («switching and routing  apparatus») // -Los demás aparat"
33714483639,85176299900R,30598.160000000003,"Los demás // Los demás // Los demás // --Aparatos para la recepción, conversión, emisión  y transmisión o regeneración de voz, imagen u  otros datos, incluidos los de conmutación y  encaminamiento («switching and routing  apparatus») // -Los demás aparat"
33708629079,85176299900R,26863.0,"Los demás // Los demás // Los demás // --Aparatos para la recepción, conversión, emisión  y transmisión o regeneración de voz, imagen u  otros datos, incluidos los de conmutación y  encaminamiento («switching and routing  apparatus») // -Los demás aparat"
33999242109,85176299900R,19857.64,"Los demás // Los demás // Los demás // --Aparatos para la recepción, conversión, emisión  y transmisión o regeneración de voz, imagen u  otros datos, incluidos los de conmutación y  encaminamiento («switching and routing  apparatus») // -Los demás aparat"
33710161319,85176299900R,13424.460000000003,"Los demás // Los demás // Los demás // --Aparatos para la recepción, conversión, emisión  y transmisión o regeneración de voz, imagen u  otros datos, incluidos los de conmutación y  encaminamiento («switching and routing  apparatus») // -Los demás aparat"
33708405529,85176299900R,6811.560000000001,"Los demás // Los demás // Los demás // --Aparatos para la recepción, conversión, emisión  y transmisión o regeneración de voz, imagen u  otros datos, incluidos los de conmutación y  encaminamiento («switching and routing  apparatus») // -Los demás aparat"
33680059999,85176259000D,6441.84,"Los demás // Aparatos para la recepción, transmisión o   regeneración de voz, imagen o datos,    en redes con cable // --Aparatos para la recepción, conversión, emisión  y transmisión o regeneración de voz, imagen u  otros datos, incluidos los de conmuta"
33707231349,85176259000D,5837.04,"Los demás // Aparatos para la recepción, transmisión o   regeneración de voz, imagen o datos,    en redes con cable // --Aparatos para la recepción, conversión, emisión  y transmisión o regeneración de voz, imagen u  otros datos, incluidos los de conmuta"
33676625629,85176259000D,3350.3000000000006,"Los demás // Aparatos para la recepción, transmisión o   regeneración de voz, imagen o datos,    en redes con cable // --Aparatos para la recepción, conversión, emisión  y transmisión o regeneración de voz, imagen u  otros datos, incluidos los de conmuta"
33708594089,85176259000D,1923.2099999999998,"Los demás // Aparatos para la recepción, transmisión o   regeneración de voz, imagen o datos,    en redes con cable // --Aparatos para la recepción, conversión, emisión  y transmisión o regeneración de voz, imagen u  otros datos, incluidos los de conmuta"
33695098419,85176259000D,1820.3700000000003,"Los demás // Aparatos para la recepción, transmisión o   regeneración de voz, imagen o datos,    en redes con cable // --Aparatos para la recepción, conversión, emisión  y transmisión o regeneración de voz, imagen u  otros datos, incluidos los de conmuta"
33711015359,85176259000D,1613.4099999999999,"Los demás // Aparatos para la recepción, transmisión o   regeneración de voz, imagen o datos,    en redes con cable // --Aparatos para la recepción, conversión, emisión  y transmisión o regeneración de voz, imagen u  otros datos, incluidos los de conmuta"
33711030919,85176259000D,1297.72,"Los demás // Aparatos para la recepción, transmisión o   regeneración de voz, imagen o datos,    en redes con cable // --Aparatos para la recepción, conversión, emisión  y transmisión o regeneración de voz, imagen u  otros datos, incluidos los de conmuta"
33709585229,85176259000D,1117.8799999999999,"Los demás // Aparatos para la recepción, transmisión o   regeneración de voz, imagen o datos,    en redes con cable // --Aparatos para la recepción, conversión, emisión  y transmisión o regeneración de voz, imagen u  otros datos, incluidos los de conmuta"
33650305499,85176259000D,1110.68,"Los demás // Aparatos para la recepción, transmisión o   regeneración de voz, imagen o datos,    en redes con cable // --Aparatos para la recepción, conversión, emisión  y transmisión o regeneración de voz, imagen u  otros datos, incluidos los de conmuta"
33679139369,85176259000D,565.7699999999999,"Los demás // Aparatos para la recepción, transmisión o   regeneración de voz, imagen o datos,    en redes con cable // --Aparatos para la recepción, conversión, emisión  y transmisión o regeneración de voz, imagen u  otros datos, incluidos los de conmuta"
30715048449,84715010000P,30940.969999999998,"De pequeña capacidad, basadas en   microprocesadores, con capacidad de   instalación dentro del mismo gabinete de   unidades de memoria de la subpartida   8471.70, pudiendo contener múltiples   conectores de expansión («slots»), y valor FOB   inferior o"
30715385712,84715010000P,22987.01,"De pequeña capacidad, basadas en   microprocesadores, con capacidad de   instalación dentro del mismo gabinete de   unidades de memoria de la subpartida   8471.70, pudiendo contener múltiples   conectores de expansión («slots»), y valor FOB   inferior o"
30708602309,84715010000P,21189.83,"De pequeña capacidad, basadas en   microprocesadores, con capacidad de   instalación dentro del mismo gabinete de   unidades de memoria de la subpartida   8471.70, pudiendo contener múltiples   conectores de expansión («slots»), y valor FOB   inferior o"
30714731382,84715010000P,6250.989999999999,"De pequeña capacidad, basadas en   microprocesadores, con capacidad de   instalación dentro del mismo gabinete de   unidades de memoria de la subpartida   8471.70, pudiendo contener múltiples   conectores de expansión («slots»), y valor FOB   inferior o"
30707198423,84715010000P,5252.76,"De pequeña capacidad, basadas en   microprocesadores, con capacidad de   instalación dentro del mismo gabinete de   unidades de memoria de la subpartida   8471.70, pudiendo contener múltiples   conectores de expansión («slots»), y valor FOB   inferior o"
33709416869,84715010000P,4581.24,"De pequeña capacidad, basadas en   microprocesadores, con capacidad de   instalación dentro del mismo gabinete de   unidades de memoria de la subpartida   8471.70, pudiendo contener múltiples   conectores de expansión («slots»), y valor FOB   inferior o"
30707191887,84715010000P,3399.51,"De pequeña capacidad, basadas en   microprocesadores, con capacidad de   instalación dentro del mismo gabinete de   unidades de memoria de la subpartida   8471.70, pudiendo contener múltiples   conectores de expansión («slots»), y valor FOB   inferior o"
30710644949,84715010000P,3254.0400000000004,"De pequeña capacidad, basadas en   microprocesadores, con capacidad de   instalación dentro del mismo gabinete de   unidades de memoria de la subpartida   8471.70, pudiendo contener múltiples   conectores de expansión («slots»), y valor FOB   inferior o"
30709394440,84715010000P,2965.28,"De pequeña capacidad, basadas en   microprocesadores, con capacidad de   instalación dentro del mismo gabinete de   unidades de memoria de la subpartida   8471.70, pudiendo contener múltiples   conectores de expansión («slots»), y valor FOB   inferior o"
30714968633,84715010000P,1632.01,"De pequeña capacidad, basadas en   microprocesadores, con capacidad de   instalación dentro del mismo gabinete de   unidades de memoria de la subpartida   8471.70, pudiendo contener múltiples   conectores de expansión («slots»), y valor FOB   inferior o"
33711271819,84439933000W,133582.51,"Cartuchos de revelador (""toner"") // Mecanismos de impresión láser, LED (Diodos   Emisores de Luz) o LCS (Sistema de Cristal   Líquido), sus partes y accesorios // --Los demás // -Partes y accesorios: // MÁQUINAS Y APARATOS PARA IMPRIMIR MEDIANTE PLANCHAS"
30714809373,84439933000W,3668.13,"Cartuchos de revelador (""toner"") // Mecanismos de impresión láser, LED (Diodos   Emisores de Luz) o LCS (Sistema de Cristal   Líquido), sus partes y accesorios // --Los demás // -Partes y accesorios: // MÁQUINAS Y APARATOS PARA IMPRIMIR MEDIANTE PLANCHAS"
33710619609,84439933000W,3539.12,"Cartuchos de revelador (""toner"") // Mecanismos de impresión láser, LED (Diodos   Emisores de Luz) o LCS (Sistema de Cristal   Líquido), sus partes y accesorios // --Los demás // -Partes y accesorios: // MÁQUINAS Y APARATOS PARA IMPRIMIR MEDIANTE PLANCHAS"
33711037549,84439933000W,2908.6099999999997,"Cartuchos de revelador (""toner"") // Mecanismos de impresión láser, LED (Diodos   Emisores de Luz) o LCS (Sistema de Cristal   Líquido), sus partes y accesorios // --Los demás // -Partes y accesorios: // MÁQUINAS Y APARATOS PARA IMPRIMIR MEDIANTE PLANCHAS"
33624658529,84439933000W,1693.39,"Cartuchos de revelador (""toner"") // Mecanismos de impresión láser, LED (Diodos   Emisores de Luz) o LCS (Sistema de Cristal   Líquido), sus partes y accesorios // --Los demás // -Partes y accesorios: // MÁQUINAS Y APARATOS PARA IMPRIMIR MEDIANTE PLANCHAS"
33714789959,84439933000W,1575.4599999999998,"Cartuchos de revelador (""toner"") // Mecanismos de impresión láser, LED (Diodos   Emisores de Luz) o LCS (Sistema de Cristal   Líquido), sus partes y accesorios // --Los demás // -Partes y accesorios: // MÁQUINAS Y APARATOS PARA IMPRIMIR MEDIANTE PLANCHAS"
33518676569,84439933000W,623.0500000000001,"Cartuchos de revelador (""toner"") // Mecanismos de impresión láser, LED (Diodos   Emisores de Luz) o LCS (Sistema de Cristal   Líquido), sus partes y accesorios // --Los demás // -Partes y accesorios: // MÁQUINAS Y APARATOS PARA IMPRIMIR MEDIANTE PLANCHAS"
30715233599,84439933000W,393.68000000000006,"Cartuchos de revelador (""toner"") // Mecanismos de impresión láser, LED (Diodos   Emisores de Luz) o LCS (Sistema de Cristal   Líquido), sus partes y accesorios // --Los demás // -Partes y accesorios: // MÁQUINAS Y APARATOS PARA IMPRIMIR MEDIANTE PLANCHAS"
30714636827,84439933000W,365.91999999999996,"Cartuchos de revelador (""toner"") // Mecanismos de impresión láser, LED (Diodos   Emisores de Luz) o LCS (Sistema de Cristal   Líquido), sus partes y accesorios // --Los demás // -Partes y accesorios: // MÁQUINAS Y APARATOS PARA IMPRIMIR MEDIANTE PLANCHAS"
33713283709,84439933000W,4.99,"Cartuchos de revelador (""toner"") // Mecanismos de impresión láser, LED (Diodos   Emisores de Luz) o LCS (Sistema de Cristal   Líquido), sus partes y accesorios // --Los demás // -Partes y accesorios: // MÁQUINAS Y APARATOS PARA IMPRIMIR MEDIANTE PLANCHAS"
30554643341,84289090900Z,6033.740000000001,"Los dem?s // Los dem?s // Los demás // -Las demás máquinas y aparatos // LAS DEMÁS MÁQUINAS Y APARATOS DE ELEVACIÓN, CARGA, DESCARGA O MANIPULACIÓN (POR EJEMPLO:ASCENSORES, ESCALERAS MECÁNICAS, TRANSPORTADORES,TELÉFERICOS)."
33710061799,84219999000X,9306.930000000002,"Las dem?s // Las dem?s // Las demás // --Las demás // -Partes: // CENTRIFUGADORAS, INCLUIDAS LAS SECADORAS CENTRÍFUGAS; APARATOS PARA FILTRAR O DEPURAR LÍQUIDOS O GASES."
33710471849,84219999000X,6804.489999999999,"Las dem?s // Las dem?s // Las demás // --Las demás // -Partes: // CENTRIFUGADORAS, INCLUIDAS LAS SECADORAS CENTRÍFUGAS; APARATOS PARA FILTRAR O DEPURAR LÍQUIDOS O GASES."
33710410599,84219999000X,5738.300000000001,"Las dem?s // Las dem?s // Las demás // --Las demás // -Partes: // CENTRIFUGADORAS, INCLUIDAS LAS SECADORAS CENTRÍFUGAS; APARATOS PARA FILTRAR O DEPURAR LÍQUIDOS O GASES."
33714250359,84219999000X,3805.0900000000006,"Las dem?s // Las dem?s // Las demás // --Las demás // -Partes: // CENTRIFUGADORAS, INCLUIDAS LAS SECADORAS CENTRÍFUGAS; APARATOS PARA FILTRAR O DEPURAR LÍQUIDOS O GASES."
33709450129,84219999000X,3421.16,"Las dem?s // Las dem?s // Las demás // --Las demás // -Partes: // CENTRIFUGADORAS, INCLUIDAS LAS SECADORAS CENTRÍFUGAS; APARATOS PARA FILTRAR O DEPURAR LÍQUIDOS O GASES."
33712223079,84219999000X,1549.9899999999998,"Las dem?s // Las dem?s // Las demás // --Las demás // -Partes: // CENTRIFUGADORAS, INCLUIDAS LAS SECADORAS CENTRÍFUGAS; APARATOS PARA FILTRAR O DEPURAR LÍQUIDOS O GASES."
33710648919,84219999000X,1049.57,"Las dem?s // Las dem?s // Las demás // --Las demás // -Partes: // CENTRIFUGADORAS, INCLUIDAS LAS SECADORAS CENTRÍFUGAS; APARATOS PARA FILTRAR O DEPURAR LÍQUIDOS O GASES."
33709294399,84219999000X,329.95,"Las dem?s // Las dem?s // Las demás // --Las demás // -Partes: // CENTRIFUGADORAS, INCLUIDAS LAS SECADORAS CENTRÍFUGAS; APARATOS PARA FILTRAR O DEPURAR LÍQUIDOS O GASES."
33710632079,84219999000X,179.8,"Las dem?s // Las dem?s // Las demás // --Las demás // -Partes: // CENTRIFUGADORAS, INCLUIDAS LAS SECADORAS CENTRÍFUGAS; APARATOS PARA FILTRAR O DEPURAR LÍQUIDOS O GASES."
33711776139,84219999000X,150.51,"Las dem?s // Las dem?s // Las demás // --Las demás // -Partes: // CENTRIFUGADORAS, INCLUIDAS LAS SECADORAS CENTRÍFUGAS; APARATOS PARA FILTRAR O DEPURAR LÍQUIDOS O GASES."
33709180849,84143011000A,26617.739999999998,"Con capacidad inferior a 4.700 frigor?as/h // Motocompresores herméticos // -Compresores de los tipos utilizados en los  equipos frigoríficos // BOMBAS DE AIRE O DE VACÍO, COMPRESORES DE AIRE UOTROS GASES Y VENTILADORES; CAMPANASASPIRANTES PARA EXTRACCIÓ"
33516444539,84143011000A,24485.76,"Con capacidad inferior a 4.700 frigor?as/h // Motocompresores herméticos // -Compresores de los tipos utilizados en los  equipos frigoríficos // BOMBAS DE AIRE O DE VACÍO, COMPRESORES DE AIRE UOTROS GASES Y VENTILADORES; CAMPANASASPIRANTES PARA EXTRACCIÓ"
33503921249,84143011000A,7172.3,"Con capacidad inferior a 4.700 frigor?as/h // Motocompresores herméticos // -Compresores de los tipos utilizados en los  equipos frigoríficos // BOMBAS DE AIRE O DE VACÍO, COMPRESORES DE AIRE UOTROS GASES Y VENTILADORES; CAMPANASASPIRANTES PARA EXTRACCIÓ"
33695557219,84143011000A,6236.49,"Con capacidad inferior a 4.700 frigor?as/h // Motocompresores herméticos // -Compresores de los tipos utilizados en los  equipos frigoríficos // BOMBAS DE AIRE O DE VACÍO, COMPRESORES DE AIRE UOTROS GASES Y VENTILADORES; CAMPANASASPIRANTES PARA EXTRACCIÓ"
33700437529,84143011000A,4398.010000000001,"Con capacidad inferior a 4.700 frigor?as/h // Motocompresores herméticos // -Compresores de los tipos utilizados en los  equipos frigoríficos // BOMBAS DE AIRE O DE VACÍO, COMPRESORES DE AIRE UOTROS GASES Y VENTILADORES; CAMPANASASPIRANTES PARA EXTRACCIÓ"
30715207784,84143011000A,3779.199999999999,"Con capacidad inferior a 4.700 frigor?as/h // Motocompresores herméticos // -Compresores de los tipos utilizados en los  equipos frigoríficos // BOMBAS DE AIRE O DE VACÍO, COMPRESORES DE AIRE UOTROS GASES Y VENTILADORES; CAMPANASASPIRANTES PARA EXTRACCIÓ"
33651573659,84143011000A,1902.39,"Con capacidad inferior a 4.700 frigor?as/h // Motocompresores herméticos // -Compresores de los tipos utilizados en los  equipos frigoríficos // BOMBAS DE AIRE O DE VACÍO, COMPRESORES DE AIRE UOTROS GASES Y VENTILADORES; CAMPANASASPIRANTES PARA EXTRACCIÓ"
34546687068,84143011000A,1710.8799999999999,"Con capacidad inferior a 4.700 frigor?as/h // Motocompresores herméticos // -Compresores de los tipos utilizados en los  equipos frigoríficos // BOMBAS DE AIRE O DE VACÍO, COMPRESORES DE AIRE UOTROS GASES Y VENTILADORES; CAMPANASASPIRANTES PARA EXTRACCIÓ"
33502654689,84143011000A,550.78,"Con capacidad inferior a 4.700 frigor?as/h // Motocompresores herméticos // -Compresores de los tipos utilizados en los  equipos frigoríficos // BOMBAS DE AIRE O DE VACÍO, COMPRESORES DE AIRE UOTROS GASES Y VENTILADORES; CAMPANASASPIRANTES PARA EXTRACCIÓ"
30712381007,84143011000A,468.6499999999999,"Con capacidad inferior a 4.700 frigor?as/h // Motocompresores herméticos // -Compresores de los tipos utilizados en los  equipos frigoríficos // BOMBAS DE AIRE O DE VACÍO, COMPRESORES DE AIRE UOTROS GASES Y VENTILADORES; CAMPANASASPIRANTES PARA EXTRACCIÓ"
33714199809,73269090900X,66735.08,Las demás // Las demás // -Las demás // LAS DEMÁS MANUFACTURAS DE HIERRO O ACERO.
33715237259,73269090900X,5739.779999999999,Las demás // Las demás // -Las demás // LAS DEMÁS MANUFACTURAS DE HIERRO O ACERO.
34557619099,73269090900X,3498.8300000000004,Las demás // Las demás // -Las demás // LAS DEMÁS MANUFACTURAS DE HIERRO O ACERO.
34546687068,73269090900X,1315.41,Las demás // Las demás // -Las demás // LAS DEMÁS MANUFACTURAS DE HIERRO O ACERO.
33713458509,73269090900X,1151.0899999999997,Las demás // Las demás // -Las demás // LAS DEMÁS MANUFACTURAS DE HIERRO O ACERO.
33715001549,73269090900X,346.81999999999994,Las demás // Las demás // -Las demás // LAS DEMÁS MANUFACTURAS DE HIERRO O ACERO.
33999242109,73269090900X,309.12,Las demás // Las demás // -Las demás // LAS DEMÁS MANUFACTURAS DE HIERRO O ACERO.
33715373519,73269090900X,208.87,Las demás // Las demás // -Las demás // LAS DEMÁS MANUFACTURAS DE HIERRO O ACERO.
33714951349,73269090900X,166.8,Las demás // Las demás // -Las demás // LAS DEMÁS MANUFACTURAS DE HIERRO O ACERO.
33714210349,73269090900X,138.15,Las demás // Las demás // -Las demás // LAS DEMÁS MANUFACTURAS DE HIERRO O ACERO.
33707940919,49019900990A,139.97,"Los demás // Los demás // --Los demás // -Los demás: // LIBROS, FOLLETOS E IMPRESOS SIMILARES, INCLUSO ENHOJAS SUELTAS."
30707400672,49019900990A,53.150000000000006,"Los demás // Los demás // --Los demás // -Los demás: // LIBROS, FOLLETOS E IMPRESOS SIMILARES, INCLUSO ENHOJAS SUELTAS."
30709966525,49019900990A,36.36,"Los demás // Los demás // --Los demás // -Los demás: // LIBROS, FOLLETOS E IMPRESOS SIMILARES, INCLUSO ENHOJAS SUELTAS."
33519108629,49019900990A,9.410000000000002,"Los demás // Los demás // --Los demás // -Los demás: // LIBROS, FOLLETOS E IMPRESOS SIMILARES, INCLUSO ENHOJAS SUELTAS."
30710699433,49019900990A,8.23,"Los demás // Los demás // --Los demás // -Los demás: // LIBROS, FOLLETOS E IMPRESOS SIMILARES, INCLUSO ENHOJAS SUELTAS."
30714350184,49019900990A,6.67,"Los demás // Los demás // --Los demás // -Los demás: // LIBROS, FOLLETOS E IMPRESOS SIMILARES, INCLUSO ENHOJAS SUELTAS."
30711704570,49019900990A,2.3399999999999994,"Los demás // Los demás // --Los demás // -Los demás: // LIBROS, FOLLETOS E IMPRESOS SIMILARES, INCLUSO ENHOJAS SUELTAS."
33708162219,49019900990A,2.1999999999999997,"Los demás // Los demás // --Los demás // -Los demás: // LIBROS, FOLLETOS E IMPRESOS SIMILARES, INCLUSO ENHOJAS SUELTAS."
30712054219,49019900990A,1.06,"Los demás // Los demás // --Los demás // -Los demás: // LIBROS, FOLLETOS E IMPRESOS SIMILARES, INCLUSO ENHOJAS SUELTAS."
33500606989,49019900990A,0.06,"Los demás // Los demás // --Los demás // -Los demás: // LIBROS, FOLLETOS E IMPRESOS SIMILARES, INCLUSO ENHOJAS SUELTAS."
34557619099,39269090999A,15042.890000000001,Las demás // Las demás // Las demás // Las demás // -Las demás // LAS DEMÁS MANUFACTURAS DE PLÁSTICO Y MANUFACTURASDE LAS DEMÁS MATERIAS DE LAS PARTIDAS 39.01 A 39.14.
33715159649,39269090999A,1719.09,Las demás // Las demás // Las demás // Las demás // -Las demás // LAS DEMÁS MANUFACTURAS DE PLÁSTICO Y MANUFACTURASDE LAS DEMÁS MATERIAS DE LAS PARTIDAS 39.01 A 39.14.
33714742189,39269090999A,1460.16,Las demás // Las demás // Las demás // Las demás // -Las demás // LAS DEMÁS MANUFACTURAS DE PLÁSTICO Y MANUFACTURASDE LAS DEMÁS MATERIAS DE LAS PARTIDAS 39.01 A 39.14.
33714481849,39269090999A,952.15,Las demás // Las demás // Las demás // Las demás // -Las demás // LAS DEMÁS MANUFACTURAS DE PLÁSTICO Y MANUFACTURASDE LAS DEMÁS MATERIAS DE LAS PARTIDAS 39.01 A 39.14.
33714570779,39269090999A,479.08000000000004,Las demás // Las demás // Las demás // Las demás // -Las demás // LAS DEMÁS MANUFACTURAS DE PLÁSTICO Y MANUFACTURASDE LAS DEMÁS MATERIAS DE LAS PARTIDAS 39.01 A 39.14.
34579842611,39269090999A,384.83000000000004,Las demás // Las demás // Las demás // Las demás // -Las demás // LAS DEMÁS MANUFACTURAS DE PLÁSTICO Y MANUFACTURASDE LAS DEMÁS MATERIAS DE LAS PARTIDAS 39.01 A 39.14.
33714696179,39269090999A,85.46,Las demás // Las demás // Las demás // Las demás // -Las demás // LAS DEMÁS MANUFACTURAS DE PLÁSTICO Y MANUFACTURASDE LAS DEMÁS MATERIAS DE LAS PARTIDAS 39.01 A 39.14.
33715227849,39269090999A,44.04,Las demás // Las demás // Las demás // Las demás // -Las demás // LAS DEMÁS MANUFACTURAS DE PLÁSTICO Y MANUFACTURASDE LAS DEMÁS MATERIAS DE LAS PARTIDAS 39.01 A 39.14.
33714455929,39269090999A,13.570000000000004,Las demás // Las demás // Las demás // Las demás // -Las demás // LAS DEMÁS MANUFACTURAS DE PLÁSTICO Y MANUFACTURASDE LAS DEMÁS MATERIAS DE LAS PARTIDAS 39.01 A 39.14.
33715480889,39269090999A,7.5,Las demás // Las demás // Las demás // Las demás // -Las demás // LAS DEMÁS MANUFACTURAS DE PLÁSTICO Y MANUFACTURASDE LAS DEMÁS MATERIAS DE LAS PARTIDAS 39.01 A 39.14.
