cuit;sd;valor_pond;NOMBRE;desc
30585895268;A;214923030.8346708;CNH INDUSTRIAL ARGENTINA S.A.;Agricultura, ganaderÃ­a, caza y silvicultura
30682450963;A;56762498.122910686;FCA AUTOMOBILES ARGENTINA S A;Agricultura, ganaderÃ­a, caza y silvicultura
30662071680;A;33399103.050358362;GENERAL MOTORS DE ARGENTINA SOCIEDAD DE RESPONSABI;Agricultura, ganaderÃ­a, caza y silvicultura
30707003118;A;29208985.505248547;CLAAS ARGENTINA SOCIEDAD ANONIMA;Agricultura, ganaderÃ­a, caza y silvicultura
30503720236;A;154482817.3894853;INDUSTRIAS JOHN DEERE ARGENTINA S A;Agricultura, ganaderÃ­a, caza y silvicultura
30503317814;A;26601467.2382675;RENAULT ARGENTINA S.A;Agricultura, ganaderÃ­a, caza y silvicultura
30504018845;A;11729580.29152873;VOLKSWAGEN ARGENTINA S A;Agricultura, ganaderÃ­a, caza y silvicultura
30503858327;A;72169170.28845868;AGCO ARGENTINA SOCIEDAD ANONIMA;Agricultura, ganaderÃ­a, caza y silvicultura
30647227119;A;8021920.417737322;FINNING ARGENTINA SOCIEDAD ANONIMA;Agricultura, ganaderÃ­a, caza y silvicultura
30663512850;A;10401000.96154337;AVIAN LINEAS AEREAS S A;Agricultura, ganaderÃ­a, caza y silvicultura
30503317814;B;26301344.522912744;RENAULT ARGENTINA S.A;Pesca
30682450963;B;55908440.27735783;FCA AUTOMOBILES ARGENTINA S A;Pesca
30711585350;B;4573934.972932695;NISSAN ARGENTINA S.A.;Pesca
30662071680;B;32938128.056308534;GENERAL MOTORS DE ARGENTINA SOCIEDAD DE RESPONSABI;Pesca
30585895268;B;4697503.545559778;CNH INDUSTRIAL ARGENTINA S.A.;Pesca
30504744538;B;2330747.8106600367;PEUGEOT CITROEN ARGENTINA SOCIEDAD ANONIMA;Pesca
30685185438;B;3890164.75475259;ALTAMARE S.A.;Pesca
30620827653;B;1158740.5786981008;EMPESUR SOCIEDAD ANONIMA;Pesca
30707535071;B;1183280.9831069775;KIA ARGENTINA S A;Pesca
30504018845;B;11576493.7667654;VOLKSWAGEN ARGENTINA S A;Pesca
30643755021;C;257516.99647730283;ALFACAR S A;
30711917779;C;320762.5861199758;LIFCAR S.A.;
30504744538;C;770199.5800601166;PEUGEOT CITROEN ARGENTINA SOCIEDAD ANONIMA;
30585895268;C;1362722.7718576002;CNH INDUSTRIAL ARGENTINA S.A.;
30711585350;C;1513055.1220861597;NISSAN ARGENTINA S.A.;
30503317814;C;8706782.188574862;RENAULT ARGENTINA S.A;
30707535071;C;391673.3215053557;KIA ARGENTINA S A;
30504018845;C;3828783.757284653;VOLKSWAGEN ARGENTINA S A;
30682450963;C;18506198.97664711;FCA AUTOMOBILES ARGENTINA S A;
30662071680;C;10899724.385524232;GENERAL MOTORS DE ARGENTINA SOCIEDAD DE RESPONSABI;
30504018845;CONS;1133640946.5858088;VOLKSWAGEN ARGENTINA S A;Consumo
30540088213;CONS;101176073.06281403;GARBARINO S A;Consumo
30662071680;CONS;891172682.79857;GENERAL MOTORS DE ARGENTINA SOCIEDAD DE RESPONSABI;Consumo
30503317814;CONS;660579256.4799999;RENAULT ARGENTINA S.A;Consumo
30504744538;CONS;760014219.7113497;PEUGEOT CITROEN ARGENTINA SOCIEDAD ANONIMA;Consumo
30711585350;CONS;206473153.00741166;NISSAN ARGENTINA S.A.;Consumo
30678519681;CONS;761371966.8218697;FORD ARGENTINA SOCIEDAD EN COMANDITA POR ACCIONES;Consumo
30682450963;CONS;449352720.8568954;FCA AUTOMOBILES ARGENTINA S A;Consumo
33679139369;CONS;667582793.9148551;TOYOTA ARGENTINA S A;Consumo
30577546777;CONS;137432303.05010182;HONDA MOTOR DE ARGENTINA SOCIEDAD ANONIMA;Consumo
30550815997;C_10;164038.19055902428;SIDERCA S A I C;ExtracciÃ³n de carbon, lignito y turba
30682450963;C_10;538097.4396614949;FCA AUTOMOBILES ARGENTINA S A;ExtracciÃ³n de carbon, lignito y turba
30682440003;C_10;184026.2934325519;IGARRETA MAQUINAS SA;ExtracciÃ³n de carbon, lignito y turba
30707992669;C_10;14398448.38607181;YACIMIENTO CARBONIFERO RIO TURBIO Y DE LOS SERVICI;ExtracciÃ³n de carbon, lignito y turba
30678519681;C_10;124970.12660626092;FORD ARGENTINA SOCIEDAD EN COMANDITA POR ACCIONES;ExtracciÃ³n de carbon, lignito y turba
30647227119;C_10;292432.63017063495;FINNING ARGENTINA SOCIEDAD ANONIMA;ExtracciÃ³n de carbon, lignito y turba
30707734139;C_10;311461.3442996799;KRK LATINOAMERICANA S.A;ExtracciÃ³n de carbon, lignito y turba
30503720236;C_10;322800.762350899;INDUSTRIAS JOHN DEERE ARGENTINA S A;ExtracciÃ³n de carbon, lignito y turba
30615829699;C_10;119595.93268149906;TERMINAL 6 S A;ExtracciÃ³n de carbon, lignito y turba
30655534462;C_10;131795.68339308444;VISUAR S.A.;ExtracciÃ³n de carbon, lignito y turba
30526552659;C_11;15774218.95820744;PAMPA ENERGIA S A;Extraccion de petroleo crudo y gas natural
30503610988;C_11;17184074.64;HALLIBURTON ARGENTINA SOCIEDAD DE RESPONSABILIDAD;Extraccion de petroleo crudo y gas natural
30697295883;C_11;4896926.710000001;HELMERICH & PAYNE ARGENTINA DRILLING CO;Extraccion de petroleo crudo y gas natural
30504475413;C_11;8160935.179980066;BAKER HUGHES ARGENTINA SOCIEDAD DE RESPONSABILIDAD;Extraccion de petroleo crudo y gas natural
30715233599;C_11;10072853.49777138;PETREX S.A., SUCURSAL ARGENTINA;Extraccion de petroleo crudo y gas natural
30709154741;C_11;3729900.51;EXPRO ARGENTINA S.R.L.;Extraccion de petroleo crudo y gas natural
30526598780;C_11;7763307.161499192;SCHLUMBERGER ARGENTINA SOCIEDAD ANONIMA;Extraccion de petroleo crudo y gas natural
30546689979;C_11;8345303.843941524;YPF SOCIEDAD ANONIMA;Extraccion de petroleo crudo y gas natural
30710371527;C_11;6397936.26;CALFRAC WELL SERVICES (ARGENTINA) SA;Extraccion de petroleo crudo y gas natural
30645705943;C_11;4363680.680906536;WEATHERFORD INTERNATIONAL DE  ARGENTINA SA;Extraccion de petroleo crudo y gas natural
30682440003;C_13;2744751.9613038003;IGARRETA MAQUINAS SA;Extraccion de minerales metaliferos
30647227119;C_13;6682299.310582758;FINNING ARGENTINA SOCIEDAD ANONIMA;Extraccion de minerales metaliferos
30710376170;C_13;1964150.7949491148;ZMG ARGENTINA SRL;Extraccion de minerales metaliferos
30708625414;C_13;7200246.9;OROPLATA SOCIEDAD ANONIMA;Extraccion de minerales metaliferos
30663301744;C_13;3203272.59;MINERA ALUMBRERA LIMITED;Extraccion de minerales metaliferos
33612005449;C_13;2179310.3671021825;SANDVIK ARGENTINA S A;Extraccion de minerales metaliferos
30682347194;C_13;8268192.683227063;MINERA ANDINA DEL SOL SRL;Extraccion de minerales metaliferos
30576721710;C_13;2858646.613125931;SULLAIR ARGENTINA S A;Extraccion de minerales metaliferos
30707654011;C_13;3714835.11;MINERA SANTA CRUZ S.A;Extraccion de minerales metaliferos
30618725320;C_13;4323321.54;CERRO VANGUARDIA SOCIEDAD ANONIMA;Extraccion de minerales metaliferos
33599594839;C_14;4179322.407719062;REPAS S A;Explotacion de otras minas y canteras
30641593555;C_14;3170408.18;POTASIO RIO COLORADO SA;Explotacion de otras minas y canteras
30647227119;C_14;15241925.671889277;FINNING ARGENTINA SOCIEDAD ANONIMA;Explotacion de otras minas y canteras
33678195249;C_14;2327641.052233096;BISCAYNE SERVICIOS  S A;Explotacion de otras minas y canteras
30576721710;C_14;5083120.53538671;SULLAIR ARGENTINA S A;Explotacion de otras minas y canteras
30531489086;C_14;2412274.1790017006;PATRICIO PALMERO S A I C Y A;Explotacion de otras minas y canteras
30710376170;C_14;3581387.0322712427;ZMG ARGENTINA SRL;Explotacion de otras minas y canteras
30682440003;C_14;8614743.738364782;IGARRETA MAQUINAS SA;Explotacion de otras minas y canteras
30708380829;C_14;13726425.92;ESTELAR RESOURCES LIMITED  S.A;Explotacion de otras minas y canteras
30711123780;C_14;2115307.2399999998;CANTERA LA PONDEROSA SOCIEDAD ANONIMA;Explotacion de otras minas y canteras
30546764040;D_15;11902339.08;NESTLE ARGENTINA S A;Alimentos
30502793175;D_15;6305021.944821647;ARCOR S A I C;Alimentos
30682450963;D_15;16050262.18691896;FCA AUTOMOBILES ARGENTINA S A;Alimentos
30500858628;D_15;5748598.982560511;MOLINOS RIO DE LA PLATA S A;Alimentos
30708668733;D_15;6115319.781816713;REFRES NOW S.A.;Alimentos
30662071680;D_15;9268759.56563411;GENERAL MOTORS DE ARGENTINA SOCIEDAD DE RESPONSABI;Alimentos
30537647716;D_15;7423598.789616973;PEPSICO DE ARGENTINA SOCIEDAD DE RESPONSABILIDAD L;Alimentos
30709590894;D_15;6916521.20086136;RENOVA S.A;Alimentos
33508358259;D_15;7009926.855408179;CERVECERIA Y MALTERIA QUILMES SAICA Y G;Alimentos
30503317814;D_15;7034830.957352397;RENAULT ARGENTINA S.A;Alimentos
30677421548;D_16;663820.2419093145;TABACALERA SARANDI S.A.;Tabaco
30585895268;D_16;1395162.8634001077;CNH INDUSTRIAL ARGENTINA S.A.;Tabaco
33500606989;D_16;1564575.4436173842;MASSALIN PARTICULARES SRL;Tabaco
30662071680;D_16;11157399.22763775;GENERAL MOTORS DE ARGENTINA SOCIEDAD DE RESPONSABI;Tabaco
30711585350;D_16;1548902.3523931499;NISSAN ARGENTINA S.A.;Tabaco
30503317814;D_16;8912604.882419178;RENAULT ARGENTINA S.A;Tabaco
30504018845;D_16;3923260.2686280655;VOLKSWAGEN ARGENTINA S A;Tabaco
30504744538;D_16;793462.5983132147;PEUGEOT CITROEN ARGENTINA SOCIEDAD ANONIMA;Tabaco
30682450963;D_16;18944391.610718966;FCA AUTOMOBILES ARGENTINA S A;Tabaco
30707535071;D_16;400932.22607420763;KIA ARGENTINA S A;Tabaco
30550851268;D_17;2726603.85;CLADD INDUSTRIA TEXTIL ARGENTINA S.A.;Productos textiles
30597188710;D_17;2423760.05;MANUFACTURA DE FIBRAS SINTETICAS SA;Productos textiles
30626369622;D_17;1577671.9232778284;HILADO SOCIEDAD ANONIMA;Productos textiles
23126289219;D_17;1595448.6835165722;GARCIA GUSTAVO ENRIQUE;Productos textiles
30682450963;D_17;6113306.141444971;FCA AUTOMOBILES ARGENTINA S A;Productos textiles
30657237449;D_17;1749904.6099999999;ENOD S A;Productos textiles
30502671126;D_17;4466526.453938564;TIPOITI S A T I C;Productos textiles
30503317814;D_17;2772569.3574956795;RENAULT ARGENTINA S.A;Productos textiles
30662071680;D_17;3548630.0138089797;GENERAL MOTORS DE ARGENTINA SOCIEDAD DE RESPONSABI;Productos textiles
30611724728;D_17;4284961.49;ALGODONERA DEL VALLE S A;Productos textiles
30708539739;D_18;285325.10000000003;VIU  SA;Confecciones
30707607544;D_18;328182.19974169834;REALTEX S.A.;Confecciones
30712002944;D_18;341081.65;BWK 1924 SRL;Confecciones
30682450963;D_18;3635407.124587101;FCA AUTOMOBILES ARGENTINA S A;Confecciones
30662071680;D_18;2140196.086017719;GENERAL MOTORS DE ARGENTINA SOCIEDAD DE RESPONSABI;Confecciones
30690333917;D_18;356238.2100000001;RESEARCH TEXTIL S R L;Confecciones
30711585350;D_18;299910.1724611486;NISSAN ARGENTINA S.A.;Confecciones
30504018845;D_18;757441.0631163972;VOLKSWAGEN ARGENTINA S A;Confecciones
30503317814;D_18;1709379.3993488678;RENAULT ARGENTINA S.A;Confecciones
30677291083;D_18;274516.12;CHEEK SOCIEDAD ANONIMA;Confecciones
30712253319;D_19;1204529.3623485083;LIBERTADOR 520 S.A.;Cuero
30709114766;D_19;998764.1130400667;RAVEQUIO S.A.;Cuero
30662071680;D_19;3939604.3677102234;GENERAL MOTORS DE ARGENTINA SOCIEDAD DE RESPONSABI;Cuero
30682450963;D_19;7241581.815321836;FCA AUTOMOBILES ARGENTINA S A;Cuero
30503317814;D_19;3140314.356197316;RENAULT ARGENTINA S.A;Cuero
30711585350;D_19;669106.5777833479;NISSAN ARGENTINA S.A.;Cuero
30707243976;D_19;719979.9051665029;SCHUSTER MAQUINARIAS SOCIEDAD ANONIMA;Cuero
30698783032;D_19;753792.4118595066;LADY STORK S A;Cuero
30504018845;D_19;1386592.718861649;VOLKSWAGEN ARGENTINA S A;Cuero
30707784292;D_19;614562.1583758837;INDUSTRIAS DE PASCALE S.A.;Cuero
30662071680;D_20;13202578.163307842;GENERAL MOTORS DE ARGENTINA SOCIEDAD DE RESPONSABI;Madera
30682450963;D_20;22472338.877025906;FCA AUTOMOBILES ARGENTINA S A;Madera
30656553711;D_20;1808035.58;EGGER  ARGENTINA  S A U;Madera
30503317814;D_20;10528716.856990024;RENAULT ARGENTINA S.A;Madera
30585895268;D_20;1771551.5436546311;CNH INDUSTRIAL ARGENTINA S.A.;Madera
30711585350;D_20;1929226.2292250595;NISSAN ARGENTINA S.A.;Madera
30504744538;D_20;937282.8743962463;PEUGEOT CITROEN ARGENTINA SOCIEDAD ANONIMA;Madera
33563240119;D_20;1345099.2203068654;ARAUCO ARGENTINA S.A;Madera
30518455970;D_20;2523915.2712627035;COMPA?IA AMERICANA DE LAPICES SOCIEDAD DE RESPONSA;Madera
30504018845;D_20;4643592.498062185;VOLKSWAGEN ARGENTINA S A;Madera
30682450963;D_21;6990459.228947166;FCA AUTOMOBILES ARGENTINA S A;Papel
33707121829;D_21;3275402.66;CELUPAPER S A;Papel
30504018845;D_21;1500436.5275583717;VOLKSWAGEN ARGENTINA S A;Papel
30655275998;D_21;4970927.503250342;PAPELERA SAMSENG SA;Papel
30590203056;D_21;4010729.155202714;PAPELERA SAN ANDRES DE GILES SA;Papel
30662071680;D_21;3988866.6517517143;GENERAL MOTORS DE ARGENTINA SOCIEDAD DE RESPONSABI;Papel
30503317814;D_21;3138679.9335707426;RENAULT ARGENTINA S.A;Papel
30501036672;D_21;1590869.691631607;LA PAPELERA DEL PLATA S A;Papel
30615265450;D_21;4173964.04;PROCTER & GAMBLE ARGENTINA SRL;Papel
30597971598;D_21;3406475.9499999997;CELULOSA CAMPANA SOCIEDAD ANONIMA;Papel
30548089405;D_22;2679036.5547511764;INTERPACK  S A;EdiciÃ³n
30614104712;D_22;1472954.6816852884;EPSON ARGENTINA S.R.L.;EdiciÃ³n
30503317814;D_22;1871008.0631146303;RENAULT ARGENTINA S.A;EdiciÃ³n
30708108304;D_22;1639399.1180709302;FLEXIMPRESS S.R.L.;EdiciÃ³n
30662071680;D_22;2368128.7506616763;GENERAL MOTORS DE ARGENTINA SOCIEDAD DE RESPONSABI;EdiciÃ³n
30682450963;D_22;4015701.5135269053;FCA AUTOMOBILES ARGENTINA S A;EdiciÃ³n
30504231581;D_22;1606924.0088790553;RICOH ARGENTINA SA;EdiciÃ³n
30541682372;D_22;1687190.501829982;XEROX ARGENTINA I C S A;EdiciÃ³n
30500229973;D_22;1322676.81;AKIAN GRAFICA EDITORA SOCIEDAD ANONIMA;EdiciÃ³n
30613078181;D_22;1197509.3;CONTARTESE GRAFICA SRL;EdiciÃ³n
30506919009;D_23;1524618.1084225734;AXION ENERGY ARGENTINA SA;Productos de petrÃ³leo
30682450963;D_23;5118630.363492555;FCA AUTOMOBILES ARGENTINA S A;Productos de petrÃ³leo
30691278707;D_23;1232175.9700000002;DIOXITEK SA;Productos de petrÃ³leo
30526552659;D_23;503302.54634877865;PAMPA ENERGIA S A;Productos de petrÃ³leo
30585895268;D_23;378628.365678393;CNH INDUSTRIAL ARGENTINA S.A.;Productos de petrÃ³leo
30711585350;D_23;418622.9073852811;NISSAN ARGENTINA S.A.;Productos de petrÃ³leo
30504018845;D_23;1059772.127206381;VOLKSWAGEN ARGENTINA S A;Productos de petrÃ³leo
30662071680;D_23;3015683.4485750687;GENERAL MOTORS DE ARGENTINA SOCIEDAD DE RESPONSABI;Productos de petrÃ³leo
30589673804;D_23;266410.1342438895;CONUAR S A (COMBUSTIBLES NUCLEARES ARGENTINOS);Productos de petrÃ³leo
30503317814;D_23;2408118.1271594446;RENAULT ARGENTINA S.A;Productos de petrÃ³leo
30503317814;D_24;2639459.884775723;RENAULT ARGENTINA S.A;Productos quÃ­micos
30517130032;D_24;2295488.5;GLAXOSMITHKLINE ARGENTINA SOCIEDAD ANONIMA;Productos quÃ­micos
30518455970;D_24;3001014.2287372956;COMPA?IA AMERICANA DE LAPICES SOCIEDAD DE RESPONSA;Productos quÃ­micos
30682450963;D_24;6639995.578451228;FCA AUTOMOBILES ARGENTINA S A;Productos quÃ­micos
30535994540;D_24;3062057.75;QUIMICA MONTPELLIER S A;Productos quÃ­micos
30662071680;D_24;3685468.1677475255;GENERAL MOTORS DE ARGENTINA SOCIEDAD DE RESPONSABI;Productos quÃ­micos
30500842586;D_24;2516978.061742191;FATE SAICI;Productos quÃ­micos
30711585350;D_24;1913531.2241527792;NISSAN ARGENTINA S.A.;Productos quÃ­micos
30526552659;D_24;48776332.96544378;PAMPA ENERGIA S A;Productos quÃ­micos
30709590894;D_24;1799478.505211015;RENOVA S.A;Productos quÃ­micos
30505817423;D_25;4022442.1100000003;INDUSTRIA DEL PLASTICO Y  METALURGICA ALBANO COZZU;Productos de caucho y plÃ¡stico
30587546147;D_25;2443677.7;APTAR ARGENTINA S.A.;Productos de caucho y plÃ¡stico
30628323603;D_25;2439169.9546469436;GRUPO SIMPA S A;Productos de caucho y plÃ¡stico
30682450963;D_25;12601731.76680202;FCA AUTOMOBILES ARGENTINA S A;Productos de caucho y plÃ¡stico
30503317814;D_25;4125130.972930996;RENAULT ARGENTINA S.A;Productos de caucho y plÃ¡stico
30662071680;D_25;5389763.9771272885;GENERAL MOTORS DE ARGENTINA SOCIEDAD DE RESPONSABI;Productos de caucho y plÃ¡stico
30655534462;D_25;5304554.009638727;VISUAR S.A.;Productos de caucho y plÃ¡stico
30500315683;D_25;3683817.6821318753;BRIDGESTONE  ARGENTINA SOCIEDAD ANONIMA INDUSTRIAL;Productos de caucho y plÃ¡stico
30707416013;D_25;6381162.085496762;ACSUR SOCIEDAD ANONIMA;Productos de caucho y plÃ¡stico
30500842586;D_25;3558428.0482578087;FATE SAICI;Productos de caucho y plÃ¡stico
30616106119;D_26;3421540.2399999998;ILVA SOCIEDAD ANONIMA;Otros minerales no metÃ¡licos
30503317814;D_26;6156937.715153468;RENAULT ARGENTINA S.A;Otros minerales no metÃ¡licos
30662071680;D_26;8006251.546001855;GENERAL MOTORS DE ARGENTINA SOCIEDAD DE RESPONSABI;Otros minerales no metÃ¡licos
30714279684;D_26;5839644.6;TECNOCER S.A.;Otros minerales no metÃ¡licos
30682450963;D_26;13967645.251301246;FCA AUTOMOBILES ARGENTINA S A;Otros minerales no metÃ¡licos
30644406799;D_26;15355047.440000001;INDUSTRIAS CERAMICAS LOURDES SA;Otros minerales no metÃ¡licos
30715331868;D_26;5146630.01;BRIMAX S.A.;Otros minerales no metÃ¡licos
30708130695;D_26;4837790.3;OWENS ILLINOIS ARGENTINA S.A.;Otros minerales no metÃ¡licos
30500530851;D_26;3955232.877810822;LOMA NEGRA CIA INDUSTRIAL ARGENTINA SA;Otros minerales no metÃ¡licos
30501010053;D_26;3667579.1660880456;CANTERAS CERRO NEGRO SA;Otros minerales no metÃ¡licos
30503317814;D_27;7877760.553644328;RENAULT ARGENTINA S.A;Metales comunes
30662071680;D_27;9961332.029416887;GENERAL MOTORS DE ARGENTINA SOCIEDAD DE RESPONSABI;Metales comunes
30500776524;D_27;1213800.8300000003;CINTOLO HNOS METALURGICA SAIC;Metales comunes
30504018845;D_27;3577640.481654454;VOLKSWAGEN ARGENTINA S A;Metales comunes
33644120479;D_27;1697881.01;ETC S A;Metales comunes
30504744538;D_27;1220252.648487583;PEUGEOT CITROEN ARGENTINA SOCIEDAD ANONIMA;Metales comunes
30615368292;D_27;1521477.16;SIDERSA SA;Metales comunes
30711585350;D_27;1759869.1400536485;NISSAN ARGENTINA S.A.;Metales comunes
30585895268;D_27;1315277.6854961393;CNH INDUSTRIAL ARGENTINA S.A.;Metales comunes
30682450963;D_27;17299929.578995757;FCA AUTOMOBILES ARGENTINA S A;Metales comunes
30546676974;D_28;7692810.426285479;SOCIEDAD DEL ESTADO CASA DE MONEDA;Otros productos de metal
30503317814;D_28;4849509.6248298;RENAULT ARGENTINA S.A;Otros productos de metal
30680823185;D_28;1963138.91;ENVASES DEL PLATA S A;Otros productos de metal
30662071680;D_28;6621559.243156026;GENERAL MOTORS DE ARGENTINA SOCIEDAD DE RESPONSABI;Otros productos de metal
30682450963;D_28;12458191.965713412;FCA AUTOMOBILES ARGENTINA S A;Otros productos de metal
30586423513;D_28;2256747.8400000003;ARNEG ARGENTINA S.A.;Otros productos de metal
30577546777;D_28;2084260.0594830085;HONDA MOTOR DE ARGENTINA SOCIEDAD ANONIMA;Otros productos de metal
30689024439;D_28;2128839.3;TAVAL SA;Otros productos de metal
30504018845;D_28;2677975.25930069;VOLKSWAGEN ARGENTINA S A;Otros productos de metal
30711585350;D_28;2148873.4764606613;NISSAN ARGENTINA S.A.;Otros productos de metal
30617907530;D_29;14716558.65;EL DORADO SOCIEDAD ANONIMA;Maquinaria y equipo
30604514009;D_29;12170950.319909882;KRONEN INTERNACIONAL S A;Maquinaria y equipo
30647227119;D_29;15207999.780394068;FINNING ARGENTINA SOCIEDAD ANONIMA;Maquinaria y equipo
30682450963;D_29;14478861.922597336;FCA AUTOMOBILES ARGENTINA S A;Maquinaria y equipo
30533119227;D_29;9657188.180000002;TALLERES METALURGICOS BAMBI S A;Maquinaria y equipo
30503771655;D_29;11366907.950000001;BRIKET S A;Maquinaria y equipo
30710779054;D_29;66719178.54775579;IATEC S.A. (INDUSTRIA AUSTRAL DE TECNOLOGIA S.A.);Maquinaria y equipo
30710418302;D_29;10463678.769993363;TECNOSUR S.A.;Maquinaria y equipo
30596970156;D_29;9775425.716972599;FRIMETAL S A;Maquinaria y equipo
30655534462;D_29;10044225.541217027;VISUAR S.A.;Maquinaria y equipo
33689206099;D_29_30_31_32_33;353754.0506551093;T6 INDUSTRIAL SOCIEDAD ANONIMA;Maquinaria n.c.p.
30711917779;D_29_30_31_32_33;185247.15745826767;LIFCAR S.A.;Maquinaria n.c.p.
30711585350;D_29_30_31_32_33;873821.2400490635;NISSAN ARGENTINA S.A.;Maquinaria n.c.p.
30503317814;D_29_30_31_32_33;5028350.315265443;RENAULT ARGENTINA S.A;Maquinaria n.c.p.
30504018845;D_29_30_31_32_33;2211226.4094273965;VOLKSWAGEN ARGENTINA S A;Maquinaria n.c.p.
30585895268;D_29_30_31_32_33;787001.895095946;CNH INDUSTRIAL ARGENTINA S.A.;Maquinaria n.c.p.
30707535071;D_29_30_31_32_33;226199.6024497899;KIA ARGENTINA S A;Maquinaria n.c.p.
30504744538;D_29_30_31_32_33;444806.4988651133;PEUGEOT CITROEN ARGENTINA SOCIEDAD ANONIMA;Maquinaria n.c.p.
30662071680;D_29_30_31_32_33;6294820.723717691;GENERAL MOTORS DE ARGENTINA SOCIEDAD DE RESPONSABI;Maquinaria n.c.p.
30682450963;D_29_30_31_32_33;10687720.159540247;FCA AUTOMOBILES ARGENTINA S A;Maquinaria n.c.p.
30614104712;D_30;1034642.660580848;EPSON ARGENTINA S.R.L.;Maquinaria de oficina
30710779054;D_30;1375900.1592796887;IATEC S.A. (INDUSTRIA AUSTRAL DE TECNOLOGIA S.A.);Maquinaria de oficina
30682450963;D_30;4000840.0955092614;FCA AUTOMOBILES ARGENTINA S A;Maquinaria de oficina
30651655516;D_30;381755.67623460654;ELIT S A;Maquinaria de oficina
30504018845;D_30;831005.1467417594;VOLKSWAGEN ARGENTINA S A;Maquinaria de oficina
30503317814;D_30;1880458.2207509312;RENAULT ARGENTINA S.A;Maquinaria de oficina
30640897267;D_30;433034.24494562304;TELECENTRO S A;Maquinaria de oficina
30592746898;D_30;849474.8913362322;PERMAQUIM SOCIEDAD ANONIMA;Maquinaria de oficina
30662071680;D_30;2362024.613314102;GENERAL MOTORS DE ARGENTINA SOCIEDAD DE RESPONSABI;Maquinaria de oficina
30714508748;D_30;401566.61353100464;IKON SOLUTIONS S.A.;Maquinaria de oficina
30500914277;D_31;5925091.596358327;LEDVANCE S A;Aparatos elÃ©ctricos
30682450963;D_31;7262009.635561361;FCA AUTOMOBILES ARGENTINA S A;Aparatos elÃ©ctricos
30611906079;D_31;2469647.61;PALMERO SAN LUIS SA;Aparatos elÃ©ctricos
30690376527;D_31;2514320.754450895;DISTRIBUIDORA INTERELEC S A;Aparatos elÃ©ctricos
30690833413;D_31;4846920.63;TICAR S R L;Aparatos elÃ©ctricos
33714924619;D_31;8361322.004695597;SIGNIFY ARGENTINA S.A.;Aparatos elÃ©ctricos
30711784469;D_31;2400272.3679390373;CORESA GROUP S.R.L.;Aparatos elÃ©ctricos
30662071680;D_31;4312638.7387550315;GENERAL MOTORS DE ARGENTINA SOCIEDAD DE RESPONSABI;Aparatos elÃ©ctricos
30503317814;D_31;3262364.0693337666;RENAULT ARGENTINA S.A;Aparatos elÃ©ctricos
30592199544;D_31;8467345.899412042;SCHNEIDER ELECTRIC ARGENTINA SOCIEDAD ANONIMA;Aparatos elÃ©ctricos
30682450963;D_32;8029263.958142226;FCA AUTOMOBILES ARGENTINA S A;Radio y televisiÃ³n
30708574798;D_32;145363210.98322928;BRIGHTSTAR FUEGUINA  SA;Radio y televisiÃ³n
30709453250;D_32;9257271.657356463;SOLNIK S.A.;Radio y televisiÃ³n
30597066763;D_32;5331374.835283941;FAMAR FUEGUINA SA;Radio y televisiÃ³n
30710779054;D_32;317204343.46717274;IATEC S.A. (INDUSTRIA AUSTRAL DE TECNOLOGIA S.A.);Radio y televisiÃ³n
30612843151;D_32;5901567.042251282;ELECTROFUEGUINA SA;Radio y televisiÃ³n
30711498520;D_32;5407393.100948311;TELECOMUNICACIONES FUEGUINAS S.A.;Radio y televisiÃ³n
30709564907;D_32;8163540.116635788;DIGITAL FUEGUINA SA;Radio y televisiÃ³n
30710418302;D_32;29033672.010203686;TECNOSUR S.A.;Radio y televisiÃ³n
30503612891;D_32;8484036.160404405;B G H S A;Radio y televisiÃ³n
30707766316;D_33;4460042.2;ITRON ARGENTINA  SA;Instrumentos mÃ©dicos
30613926905;D_33;1065575.0458483985;J Y R CAPELLO SA;Instrumentos mÃ©dicos
33685159649;D_33;2049443.0301278671;STOREY SA;Instrumentos mÃ©dicos
30585581247;D_33;4690718.218072896;INVAP SOCIEDAD DEL ESTADO;Instrumentos mÃ©dicos
30522674172;D_33;1128448.4000000001;IMPLANTES F. I. C. O.  ALEMANA S.A.;Instrumentos mÃ©dicos
30703459192;D_33;3332820.3388817897;TECNO STAFF S A.U.;Instrumentos mÃ©dicos
30504018845;D_33;1196761.8865251008;VOLKSWAGEN ARGENTINA S A;Instrumentos mÃ©dicos
30662071680;D_33;3484924.0258449954;GENERAL MOTORS DE ARGENTINA SOCIEDAD DE RESPONSABI;Instrumentos mÃ©dicos
30682450963;D_33;5623463.418204197;FCA AUTOMOBILES ARGENTINA S A;Instrumentos mÃ©dicos
30503317814;D_33;2568627.7698121336;RENAULT ARGENTINA S.A;Instrumentos mÃ©dicos
30503317814;D_34;69549658.69840343;RENAULT ARGENTINA S.A;Automotores
30504018845;D_34;12853725.538764449;VOLKSWAGEN ARGENTINA S A;Automotores
30504744538;D_34;10595926.513421664;PEUGEOT CITROEN ARGENTINA SOCIEDAD ANONIMA;Automotores
30685014420;D_34;13961220.41;DENSO MANUFACTURING ARGENTINA S.A.;Automotores
30662071680;D_34;14766378.389689147;GENERAL MOTORS DE ARGENTINA SOCIEDAD DE RESPONSABI;Automotores
30682450963;D_34;34539643.136172324;FCA AUTOMOBILES ARGENTINA S A;Automotores
30711585350;D_34;15459619.295629697;NISSAN ARGENTINA S.A.;Automotores
30578036071;D_34;7499170.5456867255;MIRGOR SA C I F I A;Automotores
30577546777;D_34;8403884.61195505;HONDA MOTOR DE ARGENTINA SOCIEDAD ANONIMA;Automotores
30678519681;D_34;8012831.220274573;FORD ARGENTINA SOCIEDAD EN COMANDITA POR ACCIONES;Automotores
30678149639;D_35;7491628.662841424;HARLEY DAVIDSON BUENOS AIRES SA;Otros equipo de transporte
30682450963;D_35;10012998.93307274;FCA AUTOMOBILES ARGENTINA S A;Otros equipo de transporte
30682963464;D_35;11318094.046825647;BMW DE ARGENTINA S.A.;Otros equipo de transporte
30577546777;D_35;9190574.069484916;HONDA MOTOR DE ARGENTINA SOCIEDAD ANONIMA;Otros equipo de transporte
30714946192;D_35;9079211.004001508;DRAGADOS ARGENTINOS DASA SA;Otros equipo de transporte
30503317814;D_35;4655286.361946453;RENAULT ARGENTINA S.A;Otros equipo de transporte
30662071680;D_35;5865387.6796510145;GENERAL MOTORS DE ARGENTINA SOCIEDAD DE RESPONSABI;Otros equipo de transporte
30687234754;D_35;25989909.00380584;YAMAHA MOTOR ARGENTINA SA;Otros equipo de transporte
30504018845;D_35;4458818.7036707625;VOLKSWAGEN ARGENTINA S A;Otros equipo de transporte
30628323603;D_35;3097048.6647286406;GRUPO SIMPA S A;Otros equipo de transporte
30504018845;D_36;1659806.039628768;VOLKSWAGEN ARGENTINA S A;Muebles
30537647198;D_36;1217277.3348090048;A W FABER CASTELL ARGENTINA S A;Muebles
30504622963;D_36;3233342.21;GOOD COLD S A.I.C Y A;Muebles
30678718471;D_36;1038610.0226166423;SERIN S A;Muebles
30614104712;D_36;1122901.1558453853;EPSON ARGENTINA S.R.L.;Muebles
30503317814;D_36;3668381.0733761434;RENAULT ARGENTINA S.A;Muebles
30709135135;D_36;1433984.568314707;COMPA?IA ARGENTINA DE MERCHANDISING S.A.;Muebles
30662071680;D_36;4648482.969037798;GENERAL MOTORS DE ARGENTINA SOCIEDAD DE RESPONSABI;Muebles
30682450963;D_36;8253664.19474316;FCA AUTOMOBILES ARGENTINA S A;Muebles
30515772436;D_36;6500827.279175219;BIC ARGENTINA SOCIEDAD ANONIMA;Muebles
30504018845;D_37;3861011.312064579;VOLKSWAGEN ARGENTINA S A;Reciclamiento de desperdicios y desechos
30711585350;D_37;1536637.608146516;NISSAN ARGENTINA S.A.;Reciclamiento de desperdicios y desechos
30662071680;D_37;10989558.57000708;GENERAL MOTORS DE ARGENTINA SOCIEDAD DE RESPONSABI;Reciclamiento de desperdicios y desechos
30682450963;D_37;18669720.668440957;FCA AUTOMOBILES ARGENTINA S A;Reciclamiento de desperdicios y desechos
30643755021;D_37;259573.46372210231;ALFACAR S A;Reciclamiento de desperdicios y desechos
30711917779;D_37;323313.70187053323;LIFCAR S.A.;Reciclamiento de desperdicios y desechos
30504744538;D_37;777659.4297614824;PEUGEOT CITROEN ARGENTINA SOCIEDAD ANONIMA;Reciclamiento de desperdicios y desechos
30503317814;D_37;8775971.215013945;RENAULT ARGENTINA S.A;Reciclamiento de desperdicios y desechos
30585895268;D_37;1378100.960579806;CNH INDUSTRIAL ARGENTINA S.A.;Reciclamiento de desperdicios y desechos
30707535071;D_37;394850.43032976164;KIA ARGENTINA S A;Reciclamiento de desperdicios y desechos
30715207962;E;40103386.79000001;SPI ENERGY SA;Suministro de electricidad, gas y agua
30715207970;E;246380071.91000003;ARAUCARIA ENERGY SA;Suministro de electricidad, gas y agua
30710025718;E;49621838.64685755;CENTRAL TERMICA LOMA DE LA LATA S A;Suministro de electricidad, gas y agua
30715407791;E;51619853.64;VIENTOS DE ARAUCO RENOVABLES S.A.U.;Suministro de electricidad, gas y agua
33710410599;E;42242029.79;APR ENERGY S.R.L.;Suministro de electricidad, gas y agua
30715252550;E;55324575.53000001;Y-GEN ELECTRICA S.A.U.;Suministro de electricidad, gas y agua
30682434720;E;126724520.11125678;GENERACION MEDITERRANEA S.A.;Suministro de electricidad, gas y agua
30715345435;E;62575655.42208903;CP LA CASTELLANA SOCIEDAD ANONIMA UNIPERSONAL;Suministro de electricidad, gas y agua
30715252526;E;81870993.91000001;Y-GEN ELECTRICA II S.A.U.;Suministro de electricidad, gas y agua
30710567308;E;83178074.0;GREENWIND S.A.;Suministro de electricidad, gas y agua
30531489086;F;14013041.80673613;PATRICIO PALMERO S A I C Y A;ConstrucciÃ³n
30682440003;F;22187287.7762959;IGARRETA MAQUINAS SA;ConstrucciÃ³n
33599594839;F;21046954.9073279;REPAS S A;ConstrucciÃ³n
30576721710;F;20931143.373624545;SULLAIR ARGENTINA S A;ConstrucciÃ³n
30505480151;F;13861397.010768095;COVEMA S.A. COMERCIAL INDUSTRIAL Y FINANCIERA;ConstrucciÃ³n
33714250359;F;13237688.88;SALINI IMPREGILO S.P.A - THE LANE CONSTRUCTION COR;ConstrucciÃ³n
30714272671;F;14804233.560000002;CONSORCIO CMI GHELLA S.P.A SUCURSAL ARGENTINA GHEL;ConstrucciÃ³n
30628406177;F;13401043.438906964;TECMACO INTEGRAL  S A;ConstrucciÃ³n
30501598131;F;61786414.97420975;INDUSTRIAS JUAN F SECCO S A;ConstrucciÃ³n
30647227119;F;57620822.04988081;FINNING ARGENTINA SOCIEDAD ANONIMA;ConstrucciÃ³n
33658615969;G;29977151.84773011;BLACK Y DECKER ARGENTINA S A;Comercio al por mayor y al por menor
30663288497;G;28611697.098451693;AMX ARGENTINA SOCIEDAD ANONIMA;Comercio al por mayor y al por menor
30707975020;G;26905879.946666665;SOLUTION BOX S.R.L.;Comercio al por mayor y al por menor
30682450963;G;29258479.345361758;FCA AUTOMOBILES ARGENTINA S A;Comercio al por mayor y al por menor
30682347194;G;32468997.337975938;MINERA ANDINA DEL SOL SRL;Comercio al por mayor y al por menor
30585895268;G;25247765.510025796;CNH INDUSTRIAL ARGENTINA S.A.;Comercio al por mayor y al por menor
33508358259;G;24771980.78617511;CERVECERIA Y MALTERIA QUILMES SAICA Y G;Comercio al por mayor y al por menor
30642617555;G;36272040.04774799;NEWSAN SOCIEDAD ANONIMA;Comercio al por mayor y al por menor
30647227119;G;41195279.98651681;FINNING ARGENTINA SOCIEDAD ANONIMA;Comercio al por mayor y al por menor
30677423141;G;42946158.368972935;ROBERT BOSCH ARGENTINA INDUSTRIAL SA;Comercio al por mayor y al por menor
30707535071;H_551;146805.54300312328;KIA ARGENTINA S A;Servicios de alojamiento en hoteles, campamentos y otros tipos de hospedaje temporal
30504018845;H_551;1435322.9536392265;VOLKSWAGEN ARGENTINA S A;Servicios de alojamiento en hoteles, campamentos y otros tipos de hospedaje temporal
30682450963;H_551;6936600.437391691;FCA AUTOMOBILES ARGENTINA S A;Servicios de alojamiento en hoteles, campamentos y otros tipos de hospedaje temporal
30504744538;H_551;288686.0188763952;PEUGEOT CITROEN ARGENTINA SOCIEDAD ANONIMA;Servicios de alojamiento en hoteles, campamentos y otros tipos de hospedaje temporal
30711585350;H_551;567540.80188775;NISSAN ARGENTINA S.A.;Servicios de alojamiento en hoteles, campamentos y otros tipos de hospedaje temporal
30662071680;H_551;4093220.416912331;GENERAL MOTORS DE ARGENTINA SOCIEDAD DE RESPONSABI;Servicios de alojamiento en hoteles, campamentos y otros tipos de hospedaje temporal
30643755021;H_551;96520.9596860248;ALFACAR S A;Servicios de alojamiento en hoteles, campamentos y otros tipos de hospedaje temporal
30503317814;H_551;3263421.490053906;RENAULT ARGENTINA S.A;Servicios de alojamiento en hoteles, campamentos y otros tipos de hospedaje temporal
30711917779;H_551;120226.22067310096;LIFCAR S.A.;Servicios de alojamiento en hoteles, campamentos y otros tipos de hospedaje temporal
30585895268;H_551;510869.32228986494;CNH INDUSTRIAL ARGENTINA S.A.;Servicios de alojamiento en hoteles, campamentos y otros tipos de hospedaje temporal
30504018845;H_552;1066504.2088707376;VOLKSWAGEN ARGENTINA S A;Servicios de expendio de comidas y bebidas
30711163790;H_552;298695.7221616719;SERVICOM ARGENTINA SA;Servicios de expendio de comidas y bebidas
30654936419;H_552;1513535.06;FAST FOOD SUDAMERICANA S A;Servicios de expendio de comidas y bebidas
30585895268;H_552;380253.5889007574;CNH INDUSTRIAL ARGENTINA S.A.;Servicios de expendio de comidas y bebidas
30709199206;H_552;284249.79140291177;PRETOREAN ARGENTINA S.R.L.;Servicios de expendio de comidas y bebidas
30610252334;H_552;413990.96;ARCOS DORADOS ARGENTINA SOCIEDAD ANONIMA;Servicios de expendio de comidas y bebidas
30503317814;H_552;2424833.8309437986;RENAULT ARGENTINA S.A;Servicios de expendio de comidas y bebidas
30711585350;H_552;422250.7985046259;NISSAN ARGENTINA S.A.;Servicios de expendio de comidas y bebidas
30682450963;H_552;5154648.693025816;FCA AUTOMOBILES ARGENTINA S A;Servicios de expendio de comidas y bebidas
30662071680;H_552;3035853.376462182;GENERAL MOTORS DE ARGENTINA SOCIEDAD DE RESPONSABI;Servicios de expendio de comidas y bebidas
30608027102;I_60;25940754.437820926;METALPAR ARGENTINA SA;Transporte ferroviario y automotor y por tuberias
30503858327;I_60;41262016.04082536;AGCO ARGENTINA SOCIEDAD ANONIMA;Transporte ferroviario y automotor y por tuberias
30585895268;I_60;198313165.70025963;CNH INDUSTRIAL ARGENTINA S.A.;Transporte ferroviario y automotor y por tuberias
30516150641;I_60;162819933.47385037;VOLVO TRUCKS Y BUSES  ARGENTINA S.A.;Transporte ferroviario y automotor y por tuberias
30502987360;I_60;328884221.41399103;MERCEDES-BENZ ARGENTINA S.A.U;Transporte ferroviario y automotor y por tuberias
30503720236;I_60;83778605.99537636;INDUSTRIAS JOHN DEERE ARGENTINA S A;Transporte ferroviario y automotor y por tuberias
30517424303;I_60;216013297.6517746;SCANIA ARGENTINA S A U;Transporte ferroviario y automotor y por tuberias
30545758314;I_60;90562232.6930347;SUBTERRANEOS DE BUENOS AIRES SOCIEDAD DEL ESTADO;Transporte ferroviario y automotor y por tuberias
30678519681;I_60;180617883.0714284;FORD ARGENTINA SOCIEDAD EN COMANDITA POR ACCIONES;Transporte ferroviario y automotor y por tuberias
30504018845;I_60;167673658.62108347;VOLKSWAGEN ARGENTINA S A;Transporte ferroviario y automotor y por tuberias
30503317814;I_61;1633489.8071511118;RENAULT ARGENTINA S.A;Transporte marÃ­timo y fluvial
30504018845;I_61;732270.4009644751;VOLKSWAGEN ARGENTINA S A;Transporte marÃ­timo y fluvial
33693449389;I_61;1277378.3698496285;INVERSIONES MARITIMAS UNIVERSALES SA;Transporte marÃ­timo y fluvial
30585895268;I_61;398352.5601504234;CNH INDUSTRIAL ARGENTINA S.A.;Transporte marÃ­timo y fluvial
30711585350;I_61;310251.3848157097;NISSAN ARGENTINA S.A.;Transporte marÃ­timo y fluvial
30707588965;I_61;257949.34;EMPRESA NAVIERA PETROLERA ATLANTICA S.A.;Transporte marÃ­timo y fluvial
30662071680;I_61;2078888.5939342184;GENERAL MOTORS DE ARGENTINA SOCIEDAD DE RESPONSABI;Transporte marÃ­timo y fluvial
30697997071;I_61;10666017.67;NATIONAL SHIPPING S.A.;Transporte marÃ­timo y fluvial
30682450963;I_61;3514588.3875219314;FCA AUTOMOBILES ARGENTINA S A;Transporte marÃ­timo y fluvial
30503720236;I_61;171255.23604012892;INDUSTRIAS JOHN DEERE ARGENTINA S A;Transporte marÃ­timo y fluvial
30709251739;I_62;131795086.90000002;ANDES LINEAS AEREAS SA;Transporte aÃ©reo de cargas y de pasajeros
30641405554;I_62;603583517.6532856;AEROLINEAS ARGENTINAS SOCIEDAD ANONIMA;Transporte aÃ©reo de cargas y de pasajeros
30715418939;I_62;38909117.08887687;FB LINEAS AEREAS S.A.;Transporte aÃ©reo de cargas y de pasajeros
33711613329;I_62;10551560.0;BENAIR S.A.;Transporte aÃ©reo de cargas y de pasajeros
30707437606;I_62;11702443.754474472;AMERICAN LOGISTIC SA;Transporte aÃ©reo de cargas y de pasajeros
30707542329;I_62;303413709.50767905;LAN ARGENTINA SOCIEDAD ANONIMA;Transporte aÃ©reo de cargas y de pasajeros
30663512850;I_62;24272302.54305896;AVIAN LINEAS AEREAS S A;Transporte aÃ©reo de cargas y de pasajeros
30709643769;I_62;18417302.12340749;ALBA JET SA;Transporte aÃ©reo de cargas y de pasajeros
30686320010;I_62;13013789.669999998;SUDFLUG SA;Transporte aÃ©reo de cargas y de pasajeros
30711915385;I_62;14813277.662607394;ALAS DEL FIN DEL MUNDO S.R.L.;Transporte aÃ©reo de cargas y de pasajeros
30701009610;I_63;17650635.34;ICON ARGENTINA S.A;ManipulaciÃ³n de carga, almacenamiento y depÃ³sito
30641405554;I_63;15835483.26671444;AEROLINEAS ARGENTINAS SOCIEDAD ANONIMA;ManipulaciÃ³n de carga, almacenamiento y depÃ³sito
33621885559;I_63;7504285.4530457975;LOGICALIS ARGENTINA SA;ManipulaciÃ³n de carga, almacenamiento y depÃ³sito
30639453738;I_63;5451250.93989511;TELECOM ARGENTINA SOCIEDAD ANONIMA;ManipulaciÃ³n de carga, almacenamiento y depÃ³sito
30632043224;I_63;5294027.925309698;ITALTEL ARGENTINA S.A.;ManipulaciÃ³n de carga, almacenamiento y depÃ³sito
30663288497;I_63;6709817.531413238;AMX ARGENTINA SOCIEDAD ANONIMA;ManipulaciÃ³n de carga, almacenamiento y depÃ³sito
30710225768;I_63;10331981.210262232;WAIVER LOGISTICA ARGENTINA SA;ManipulaciÃ³n de carga, almacenamiento y depÃ³sito
30707542329;I_63;7968999.852320995;LAN ARGENTINA SOCIEDAD ANONIMA;ManipulaciÃ³n de carga, almacenamiento y depÃ³sito
30714101443;I_63;221793000.00853845;BELGRANO CARGAS Y LOGISTICA SA;ManipulaciÃ³n de carga, almacenamiento y depÃ³sito
30640897267;I_63;9030987.147509748;TELECENTRO S A;ManipulaciÃ³n de carga, almacenamiento y depÃ³sito
30678814357;I_64;6902626.5894311;TELEFONICA MOVILES ARGENTINA SOCIEDAD ANONIMA;Correos y telecomunicaciones
30640897267;I_64;19151392.05443182;TELECENTRO S A;Correos y telecomunicaciones
33695098419;I_64;3925985.2;TELMEX ARGENTINA SA;Correos y telecomunicaciones
33621885559;I_64;5211740.737755783;LOGICALIS ARGENTINA SA;Correos y telecomunicaciones
30682450963;I_64;5386349.282514027;FCA AUTOMOBILES ARGENTINA S A;Correos y telecomunicaciones
30632043224;I_64;4143221.0232468196;ITALTEL ARGENTINA S.A.;Correos y telecomunicaciones
30685889397;I_64;12095712.871267691;DIRECTV ARGENTINA SOCIEDAD ANONIMA;Correos y telecomunicaciones
30639453738;I_64;65917907.64990659;TELECOM ARGENTINA SOCIEDAD ANONIMA;Correos y telecomunicaciones
30707689915;I_64;10015383.11574547;HUAWEI TECH INVESTMENT CO LTD.;Correos y telecomunicaciones
30663288497;I_64;15342434.980306447;AMX ARGENTINA SOCIEDAD ANONIMA;Correos y telecomunicaciones
30604731018;J;4798722.96;BANCO COMAFI SOCIEDAD ANONIMA;IntermediaciÃ³n financiera
33537186009;J;3210955.0904011563;HSBC BANK ARGENTINA SA;IntermediaciÃ³n financiera
30500006613;J;2898964.2500000005;BANCO PATAGONIA SOCIEDAD ANONIMA;IntermediaciÃ³n financiera
30500008454;J;5518969.925610121;BANCO SANTANDER RIO SOCIEDAD ANONIMA;IntermediaciÃ³n financiera
30500003193;J;2767692.91492134;BANCO BBVA ARGENTINA S.A.;IntermediaciÃ³n financiera
30682450963;J;4507014.500885552;FCA AUTOMOBILES ARGENTINA S A;IntermediaciÃ³n financiera
33500005179;J;19314947.69;BANCO SUPERVIELLE SOCIEDAD ANONIMA;IntermediaciÃ³n financiera
30692432661;J;7969171.180000001;NUEVO BANCO DE SANTA FE SA;IntermediaciÃ³n financiera
33999242109;J;8032358.84;BANCO DE LA PROVINCIA DE BUENOS AIRES;IntermediaciÃ³n financiera
30500005625;J;4679382.98;CITIBANK N A;IntermediaciÃ³n financiera
30662071680;K_70;1921619.4940250325;GENERAL MOTORS DE ARGENTINA SOCIEDAD DE RESPONSABI;Servicios inmobiliarios
30504018845;K_70;675013.9036704398;VOLKSWAGEN ARGENTINA S A;Servicios inmobiliarios
30711585350;K_70;266751.35217149346;NISSAN ARGENTINA S.A.;Servicios inmobiliarios
20065127157;K_70;1377756.65;FEDERICO PABLO AUGUSTO;Servicios inmobiliarios
23100463849;K_70;1147227.06;CARRIZO DANIEL EDMUNDO;Servicios inmobiliarios
33537186009;K_70;2620991.139598844;HSBC BANK ARGENTINA SA;Servicios inmobiliarios
30503317814;K_70;1535004.170015139;RENAULT ARGENTINA S.A;Servicios inmobiliarios
30500010084;K_70;247759.8183587339;BANCO MACRO SOCIEDAD ANONIMA;Servicios inmobiliarios
30682450963;K_70;3262639.627939621;FCA AUTOMOBILES ARGENTINA S A;Servicios inmobiliarios
30585895268;K_70;240247.78524043807;CNH INDUSTRIAL ARGENTINA S.A.;Servicios inmobiliarios
30576721710;K_71;7963123.105705467;SULLAIR ARGENTINA S A;Alquiler de equipo de transporte y de maquinaria
30501598131;K_71;6651373.984261072;INDUSTRIAS JUAN F SECCO S A;Alquiler de equipo de transporte y de maquinaria
30709514632;K_71;9918725.566547208;ARISTOCRAT (ARGENTINA) PTY LIMITED SOCIEDAD EXTRAN;Alquiler de equipo de transporte y de maquinaria
30710529449;K_71;4885662.771648624;HAULOTTE ARGENTINA SOCIEDAD ANONIMA;Alquiler de equipo de transporte y de maquinaria
30682440003;K_71;5425289.652217581;IGARRETA MAQUINAS SA;Alquiler de equipo de transporte y de maquinaria
30682450963;K_71;7452623.414255724;FCA AUTOMOBILES ARGENTINA S A;Alquiler de equipo de transporte y de maquinaria
30682526544;K_71;11498515.06950415;VERIFONE ARGENTINA S A;Alquiler de equipo de transporte y de maquinaria
30715233599;K_71;5098519.702228619;PETREX S.A., SUCURSAL ARGENTINA;Alquiler de equipo de transporte y de maquinaria
33661932509;K_71;10999137.806056174;IGT ARGENTINA S A;Alquiler de equipo de transporte y de maquinaria
30647227119;K_71;7338692.925480114;FINNING ARGENTINA SOCIEDAD ANONIMA;Alquiler de equipo de transporte y de maquinaria
30542034552;K_72;3943825.0789372777;HEWLETT PACKARD ARGENTINA SOCIEDAD DE RESPONSABILI;Actividades de informÃ¡tica
30682450963;K_72;3215262.086022738;FCA AUTOMOBILES ARGENTINA S A;Actividades de informÃ¡tica
30639453738;K_72;4542609.118298577;TELECOM ARGENTINA SOCIEDAD ANONIMA;Actividades de informÃ¡tica
30707689915;K_72;4821192.4554714225;HUAWEI TECH INVESTMENT CO LTD.;Actividades de informÃ¡tica
30663288497;K_72;5025407.043485882;AMX ARGENTINA SOCIEDAD ANONIMA;Actividades de informÃ¡tica
30525309262;K_72;5628264.009236696;NCR ARGENTINA SOCIEDAD DE RESPONSABILIDAD LIMITADA;Actividades de informÃ¡tica
30503961268;K_72;10018205.324544046;IBM ARGENTINA SRL;Actividades de informÃ¡tica
30708408243;K_72;5886439.330000001;PIXART SOCIEDAD DE RESPONSABILIDAD LIMITADA;Actividades de informÃ¡tica
30640142673;K_72;7097698.44;ORACLE ARGENTINA S.R.L;Actividades de informÃ¡tica
33708632959;K_72;6313975.529999999;FIRST SYSTEMS S.R.L.;Actividades de informÃ¡tica
30546660210;K_73;9514458.629999999;COMISION NACIONAL DE ENERGIA ATOMICA;InvestigaciÃ³n y desarrollo
30639453738;K_73;3957139.527366872;TELECOM ARGENTINA SOCIEDAD ANONIMA;InvestigaciÃ³n y desarrollo
30662071680;K_73;3704890.3328847177;GENERAL MOTORS DE ARGENTINA SOCIEDAD DE RESPONSABI;InvestigaciÃ³n y desarrollo
33621885559;K_73;4593110.223299854;LOGICALIS ARGENTINA SA;InvestigaciÃ³n y desarrollo
30663288497;K_73;4627587.216247953;AMX ARGENTINA SOCIEDAD ANONIMA;InvestigaciÃ³n y desarrollo
30632043224;K_73;3423011.4201951874;ITALTEL ARGENTINA S.A.;InvestigaciÃ³n y desarrollo
30640897267;K_73;7067667.724401519;TELECENTRO S A;InvestigaciÃ³n y desarrollo
30709670413;K_73;17331028.97;EMPRESA ARGENTINA DE SOLUCIONES SATELITALES SOCIED;InvestigaciÃ³n y desarrollo
30682450963;K_73;6472566.442843722;FCA AUTOMOBILES ARGENTINA S A;InvestigaciÃ³n y desarrollo
30503317814;K_73;2849608.9033889985;RENAULT ARGENTINA S.A;InvestigaciÃ³n y desarrollo
30682347194;K_74;6682692.12950297;MINERA ANDINA DEL SOL SRL;Servicios jurÃ­dicos contables y otros servicios a empresas (sin minerÃ­a)
30707862927;K_74;7817063.038319188;CIENA COMMUNICATIONS MEXICO S.A. DE C.V. SUC. ARGE;Servicios jurÃ­dicos contables y otros servicios a empresas (sin minerÃ­a)
30682526544;K_74;11787766.705549438;VERIFONE ARGENTINA S A;Servicios jurÃ­dicos contables y otros servicios a empresas (sin minerÃ­a)
30710025718;K_74;30430473.563142445;CENTRAL TERMICA LOMA DE LA LATA S A;Servicios jurÃ­dicos contables y otros servicios a empresas (sin minerÃ­a)
30682450963;K_74;6387704.182189785;FCA AUTOMOBILES ARGENTINA S A;Servicios jurÃ­dicos contables y otros servicios a empresas (sin minerÃ­a)
30542034552;K_74;6342543.9765256895;HEWLETT PACKARD ARGENTINA SOCIEDAD DE RESPONSABILI;Servicios jurÃ­dicos contables y otros servicios a empresas (sin minerÃ­a)
33680059999;K_74;16942528.018764663;NUCLEOELECTRICA ARGENTINA SA;Servicios jurÃ­dicos contables y otros servicios a empresas (sin minerÃ­a)
30707689915;K_74;24679008.329564545;HUAWEI TECH INVESTMENT CO LTD.;Servicios jurÃ­dicos contables y otros servicios a empresas (sin minerÃ­a)
30503961268;K_74;6040374.329663231;IBM ARGENTINA SRL;Servicios jurÃ­dicos contables y otros servicios a empresas (sin minerÃ­a)
30707522778;K_74;8495124.56;SANDVIK MINING AND CONSTRUCTION ARGENTINA S.A.;Servicios jurÃ­dicos contables y otros servicios a empresas (sin minerÃ­a)
30711585350;K_99;2531049.335186197;NISSAN ARGENTINA S.A.;Servicios de apoyo para la minerÃ­a excepto para la extracciÃ³n de petrÃ³leo y gas natual
30682494634;K_99;1750961.8699999999;MAJOR PERFORACIONES S.A.;Servicios de apoyo para la minerÃ­a excepto para la extracciÃ³n de petrÃ³leo y gas natual
30503317814;K_99;14563348.2625701;RENAULT ARGENTINA S.A;Servicios de apoyo para la minerÃ­a excepto para la extracciÃ³n de petrÃ³leo y gas natual
30715472615;K_99;1582519.7269037163;TRIDENT SOUTHERN EXPLORATIONS DE ARGENTINA SRL;Servicios de apoyo para la minerÃ­a excepto para la extracciÃ³n de petrÃ³leo y gas natual
30682440003;K_99;3439432.3347228887;IGARRETA MAQUINAS SA;Servicios de apoyo para la minerÃ­a excepto para la extracciÃ³n de petrÃ³leo y gas natual
30504018845;K_99;6408411.396324108;VOLKSWAGEN ARGENTINA S A;Servicios de apoyo para la minerÃ­a excepto para la extracciÃ³n de petrÃ³leo y gas natual
30682450963;K_99;30957601.190954182;FCA AUTOMOBILES ARGENTINA S A;Servicios de apoyo para la minerÃ­a excepto para la extracciÃ³n de petrÃ³leo y gas natual
30647227119;K_99;1559047.7221624572;FINNING ARGENTINA SOCIEDAD ANONIMA;Servicios de apoyo para la minerÃ­a excepto para la extracciÃ³n de petrÃ³leo y gas natual
30585895268;K_99;2309480.1699182745;CNH INDUSTRIAL ARGENTINA S.A.;Servicios de apoyo para la minerÃ­a excepto para la extracciÃ³n de petrÃ³leo y gas natual
30662071680;K_99;18237814.84161512;GENERAL MOTORS DE ARGENTINA SOCIEDAD DE RESPONSABI;Servicios de apoyo para la minerÃ­a excepto para la extracciÃ³n de petrÃ³leo y gas natual
30663288497;L;11196145.389006946;AMX ARGENTINA SOCIEDAD ANONIMA;AdministraciÃ³n pÃºblica y defensa
30711655197;L;23457775.630000003;MINISTERIO DE SEGURIDAD;AdministraciÃ³n pÃºblica y defensa
30647227119;L;18173106.338116728;FINNING ARGENTINA SOCIEDAD ANONIMA;AdministraciÃ³n pÃºblica y defensa
30675428081;L;7389705.709999999;SUPERIOR GOBIERNO DE LA PCIA DE TUCUMAN;AdministraciÃ³n pÃºblica y defensa
30709925977;L;12328050.0;MINISTERIO DE AMBIENTE Y DESARROLLO SOSTENIBLE;AdministraciÃ³n pÃºblica y defensa
30648839088;L;7064782.0600000005;MINISTERIO DE SEGURIDAD -SEGURIDAD PROVINCIAL;AdministraciÃ³n pÃºblica y defensa
30710100140;L;8412606.62;CENTRO CIENTIFICO TECNOLOGICO CONICET LA PLATA (CC;AdministraciÃ³n pÃºblica y defensa
30715127209;L;17100131.93;MINISTERIO DE TRANSPORTE;AdministraciÃ³n pÃºblica y defensa
30639453738;L;8503664.774049629;TELECOM ARGENTINA SOCIEDAD ANONIMA;AdministraciÃ³n pÃºblica y defensa
30682450963;L;10935334.339556409;FCA AUTOMOBILES ARGENTINA S A;AdministraciÃ³n pÃºblica y defensa
30546668785;M;458825.64;UNIVERSIDAD NACIONAL DEL SUR;EnseÃ±anza
30632884385;M;484433.5327138057;JENCK S A;EnseÃ±anza
30662071680;M;4848632.891044315;GENERAL MOTORS DE ARGENTINA SOCIEDAD DE RESPONSABI;EnseÃ±anza
30504018845;M;1701178.3780362562;VOLKSWAGEN ARGENTINA S A;EnseÃ±anza
30503317814;M;3860227.1719529554;RENAULT ARGENTINA S.A;EnseÃ±anza
30614104712;M;527648.2639707945;EPSON ARGENTINA S.R.L.;EnseÃ±anza
30682450963;M;8230533.827002261;FCA AUTOMOBILES ARGENTINA S A;EnseÃ±anza
30546671166;M;553826.49;UNIVERSIDAD TECNOLOGICA NACIONAL;EnseÃ±anza
30585895268;M;611312.9161804807;CNH INDUSTRIAL ARGENTINA S.A.;EnseÃ±anza
30711585350;M;673076.3650561017;NISSAN ARGENTINA S.A.;EnseÃ±anza
30710170718;N;4059767.4033759283;INSTITUTO PRIVADO DE RADIOTERAPIA ONCOLOGICA SA;Servicios sociales y de salud
30526498468;N;8423868.982472999;GRIENSU S A;Servicios sociales y de salud
30500527230;N;9479058.206548654;PHILIPS ARGENTINA SOCIEDAD ANONIMA;Servicios sociales y de salud
30522763922;N;15974370.000000004;INSTITUTO NACIONAL DE SERVICIOS SOCIALES PARA JUBI;Servicios sociales y de salud
30654855168;N;5639234.866343853;SWISS MEDICAL S A;Servicios sociales y de salud
30714968633;N;9058223.799070155;SIEMENS HEALTHCARE S.A.;Servicios sociales y de salud
33653235939;N;8744400.648850344;GE HEALTHCARE ARGENTINA S.A.;Servicios sociales y de salud
30682450963;N;5624325.0654837;FCA AUTOMOBILES ARGENTINA S A;Servicios sociales y de salud
30624438929;N;5924392.28;FUNDACION MEDICA DE RIO NEGRO Y         NEUQUEN;Servicios sociales y de salud
33707044239;N;4864157.824015101;TECNOIMAGEN S A;Servicios sociales y de salud
30504018845;O;1490902.4528205455;VOLKSWAGEN ARGENTINA S A;Otras actividades de servicios comunitarios, sociales y personales
30682450963;O;6917419.061751811;FCA AUTOMOBILES ARGENTINA S A;Otras actividades de servicios comunitarios, sociales y personales
30710068786;O;4598979.313145472;PM ARGENTINA SISTEMAS DE ELEVACION S.A.;Otras actividades de servicios comunitarios, sociales y personales
30712071156;O;1359463.280479908;LUSQTOFF ARGENTINA S.A.;Otras actividades de servicios comunitarios, sociales y personales
30662071680;O;3861894.9205432334;GENERAL MOTORS DE ARGENTINA SOCIEDAD DE RESPONSABI;Otras actividades de servicios comunitarios, sociales y personales
33661932509;O;1553716.2594499066;IGT ARGENTINA S A;Otras actividades de servicios comunitarios, sociales y personales
30709514632;O;1635303.047760608;ARISTOCRAT (ARGENTINA) PTY LIMITED SOCIEDAD EXTRAN;Otras actividades de servicios comunitarios, sociales y personales
33710074289;O;1807673.55;FEMAT AGRUPACION DE COLABORACION EMPRESARIA;Otras actividades de servicios comunitarios, sociales y personales
30688985281;O;7838530.22;FUNDACION MALBA;Otras actividades de servicios comunitarios, sociales y personales
30503317814;O;2955535.8128844826;RENAULT ARGENTINA S.A;Otras actividades de servicios comunitarios, sociales y personales
30643755021;P;73267.51234580224;ALFACAR S A;Actividades de hogares privados como empleadores y actividades no diferenciadas de hogares privados como productores
30711917779;P;91261.84702409795;LIFCAR S.A.;Actividades de hogares privados como empleadores y actividades no diferenciadas de hogares privados como productores
30707535071;P;111437.03255114783;KIA ARGENTINA S A;Actividades de hogares privados como empleadores y actividades no diferenciadas de hogares privados como productores
30682450963;P;5265295.807826593;FCA AUTOMOBILES ARGENTINA S A;Actividades de hogares privados como empleadores y actividades no diferenciadas de hogares privados como productores
30662071680;P;3101137.7963653216;GENERAL MOTORS DE ARGENTINA SOCIEDAD DE RESPONSABI;Actividades de hogares privados como empleadores y actividades no diferenciadas de hogares privados como productores
30503317814;P;2477212.3014018047;RENAULT ARGENTINA S.A;Actividades de hogares privados como empleadores y actividades no diferenciadas de hogares privados como productores
30711585350;P;430487.254642626;NISSAN ARGENTINA S.A.;Actividades de hogares privados como empleadores y actividades no diferenciadas de hogares privados como productores
30585895268;P;387715.40860132815;CNH INDUSTRIAL ARGENTINA S.A.;Actividades de hogares privados como empleadores y actividades no diferenciadas de hogares privados como productores
30504744538;P;219133.52521642027;PEUGEOT CITROEN ARGENTINA SOCIEDAD ANONIMA;Actividades de hogares privados como empleadores y actividades no diferenciadas de hogares privados como productores
30504018845;P;1089347.3636451229;VOLKSWAGEN ARGENTINA S A;Actividades de hogares privados como empleadores y actividades no diferenciadas de hogares privados como productores
30585895268;Q;180971.80872399392;CNH INDUSTRIAL ARGENTINA S.A.;Organizaciones y Ã³rganos extraterritoriales
30711585350;Q;200936.1902493026;NISSAN ARGENTINA S.A.;Organizaciones y Ã³rganos extraterritoriales
30711917779;Q;42597.795076094764;LIFCAR S.A.;Organizaciones y Ã³rganos extraterritoriales
30662071680;Q;1447501.1920087496;GENERAL MOTORS DE ARGENTINA SOCIEDAD DE RESPONSABI;Organizaciones y Ã³rganos extraterritoriales
30504744538;Q;102283.76156944784;PEUGEOT CITROEN ARGENTINA SOCIEDAD ANONIMA;Organizaciones y Ã³rganos extraterritoriales
30503317814;Q;1156274.8883137475;RENAULT ARGENTINA S.A;Organizaciones y Ã³rganos extraterritoriales
30504018845;Q;508468.7333905203;VOLKSWAGEN ARGENTINA S A;Organizaciones y Ã³rganos extraterritoriales
30707535071;Q;52014.856495819615;KIA ARGENTINA S A;Organizaciones y Ã³rganos extraterritoriales
30682450963;Q;2457653.4351477926;FCA AUTOMOBILES ARGENTINA S A;Organizaciones y Ã³rganos extraterritoriales
30643755021;Q;34198.677524218954;ALFACAR S A;Organizaciones y Ã³rganos extraterritoriales
